-- MySQL dump 10.16  Distrib 10.1.34-MariaDB, for Linux (x86_64)
--
-- Host: localhost    Database: mydb
-- ------------------------------------------------------
-- Server version	10.1.34-MariaDB

/*!40101 SET @OLD_CHARACTER_SET_CLIENT=@@CHARACTER_SET_CLIENT */;
/*!40101 SET @OLD_CHARACTER_SET_RESULTS=@@CHARACTER_SET_RESULTS */;
/*!40101 SET @OLD_COLLATION_CONNECTION=@@COLLATION_CONNECTION */;
/*!40101 SET NAMES utf8 */;
/*!40103 SET @OLD_TIME_ZONE=@@TIME_ZONE */;
/*!40103 SET TIME_ZONE='+00:00' */;
/*!40014 SET @OLD_UNIQUE_CHECKS=@@UNIQUE_CHECKS, UNIQUE_CHECKS=0 */;
/*!40014 SET @OLD_FOREIGN_KEY_CHECKS=@@FOREIGN_KEY_CHECKS, FOREIGN_KEY_CHECKS=0 */;
/*!40101 SET @OLD_SQL_MODE=@@SQL_MODE, SQL_MODE='NO_AUTO_VALUE_ON_ZERO' */;
/*!40111 SET @OLD_SQL_NOTES=@@SQL_NOTES, SQL_NOTES=0 */;

--
-- Table structure for table `category`
--

DROP TABLE IF EXISTS `category`;
/*!40101 SET @saved_cs_client     = @@character_set_client */;
/*!40101 SET character_set_client = utf8 */;
CREATE TABLE `category` (
  `id` int(11) NOT NULL AUTO_INCREMENT,
  `name` varchar(50) DEFAULT NULL,
  `active` tinyint(4) DEFAULT '1',
  `icon_fa_class` varchar(50) DEFAULT NULL,
  PRIMARY KEY (`id`)
) ENGINE=InnoDB AUTO_INCREMENT=34 DEFAULT CHARSET=latin1;
/*!40101 SET character_set_client = @saved_cs_client */;

--
-- Dumping data for table `category`
--

LOCK TABLES `category` WRITE;
/*!40000 ALTER TABLE `category` DISABLE KEYS */;
INSERT INTO `category` VALUES (2,'Home services',1,NULL),(3,'Repairing',1,NULL),(4,'Electronics',1,NULL),(6,'Clothes',1,NULL),(7,'Parlor',1,NULL),(8,'Coaching/Training',1,NULL),(9,'School/College',1,NULL),(10,'Medicare',1,NULL),(11,'Automobile Repairing',1,NULL),(12,'Showroom/Shop',1,NULL),(13,'Home/Office Furnishing and Decoration',1,NULL),(14,'Lawyer/Legal Consultant',0,NULL),(15,'Insurance',1,NULL),(16,'Tour & Travels',1,NULL),(17,'Sales/Purchase/Renting',1,NULL),(18,'Staffing Services',1,NULL),(19,'Marriage & Parties',1,NULL),(20,'Hotels Stay & Restaurants',1,NULL),(21,'Building Material',1,NULL),(22,'Welders',1,NULL),(23,'Sanitary',1,NULL),(24,'Astrology & Astrology',1,NULL),(25,'Transports',1,NULL),(26,'Printers',1,NULL),(27,'Advertisement',1,NULL),(28,'Banking & Finance',1,NULL),(29,'Packaging & Packing Material',1,NULL),(30,'Gift & Novelty',1,NULL),(31,'Safety & Security services',1,NULL),(32,'IT Services',1,NULL),(33,'Health',1,NULL);
/*!40000 ALTER TABLE `category` ENABLE KEYS */;
UNLOCK TABLES;

--
-- Table structure for table `city`
--

DROP TABLE IF EXISTS `city`;
/*!40101 SET @saved_cs_client     = @@character_set_client */;
/*!40101 SET character_set_client = utf8 */;
CREATE TABLE `city` (
  `id` int(11) NOT NULL AUTO_INCREMENT,
  `name` varchar(50) DEFAULT NULL,
  `state` varchar(50) DEFAULT NULL,
  PRIMARY KEY (`id`)
) ENGINE=InnoDB AUTO_INCREMENT=1508 DEFAULT CHARSET=latin1;
/*!40101 SET character_set_client = @saved_cs_client */;

--
-- Dumping data for table `city`
--

LOCK TABLES `city` WRITE;
/*!40000 ALTER TABLE `city` DISABLE KEYS */;
INSERT INTO `city` VALUES (1,'Kolhapur','Maharashtra'),(2,'Port Blair','Andaman & Nicobar Islands'),(3,'Adilabad','Andhra Pradesh'),(4,'Adoni','Andhra Pradesh'),(5,'Amadalavalasa','Andhra Pradesh'),(6,'Amalapuram','Andhra Pradesh'),(7,'Anakapalle','Andhra Pradesh'),(8,'Anantapur','Andhra Pradesh'),(9,'Badepalle','Andhra Pradesh'),(10,'Banganapalle','Andhra Pradesh'),(11,'Bapatla','Andhra Pradesh'),(12,'Bellampalle','Andhra Pradesh'),(13,'Bethamcherla','Andhra Pradesh'),(14,'Bhadrachalam','Andhra Pradesh'),(15,'Bhainsa','Andhra Pradesh'),(16,'Bheemunipatnam','Andhra Pradesh'),(17,'Bhimavaram','Andhra Pradesh'),(18,'Bhongir','Andhra Pradesh'),(19,'Bobbili','Andhra Pradesh'),(20,'Bodhan','Andhra Pradesh'),(21,'Chilakaluripet','Andhra Pradesh'),(22,'Chirala','Andhra Pradesh'),(23,'Chittoor','Andhra Pradesh'),(24,'Cuddapah','Andhra Pradesh'),(25,'Devarakonda','Andhra Pradesh'),(26,'Dharmavaram','Andhra Pradesh'),(27,'Eluru','Andhra Pradesh'),(28,'Farooqnagar','Andhra Pradesh'),(29,'Gadwal','Andhra Pradesh'),(30,'Gooty','Andhra Pradesh'),(31,'Gudivada','Andhra Pradesh'),(32,'Gudur','Andhra Pradesh'),(33,'Guntakal','Andhra Pradesh'),(34,'Guntur','Andhra Pradesh'),(35,'Hanuman Junction','Andhra Pradesh'),(36,'Hindupur','Andhra Pradesh'),(37,'Hyderabad','Andhra Pradesh'),(38,'Ichchapuram','Andhra Pradesh'),(39,'Jaggaiahpet','Andhra Pradesh'),(40,'Jagtial','Andhra Pradesh'),(41,'Jammalamadugu','Andhra Pradesh'),(42,'Jangaon','Andhra Pradesh'),(43,'Kadapa','Andhra Pradesh'),(44,'Kadiri','Andhra Pradesh'),(45,'Kagaznagar','Andhra Pradesh'),(46,'Kakinada','Andhra Pradesh'),(47,'Kalyandurg','Andhra Pradesh'),(48,'Kamareddy','Andhra Pradesh'),(49,'Kandukur','Andhra Pradesh'),(50,'Karimnagar','Andhra Pradesh'),(51,'Kavali','Andhra Pradesh'),(52,'Khammam','Andhra Pradesh'),(53,'Koratla','Andhra Pradesh'),(54,'Kothagudem','Andhra Pradesh'),(55,'Kothapeta','Andhra Pradesh'),(56,'Kovvur','Andhra Pradesh'),(57,'Kurnool','Andhra Pradesh'),(58,'Kyathampalle','Andhra Pradesh'),(59,'Macherla','Andhra Pradesh'),(60,'Machilipatnam','Andhra Pradesh'),(61,'Madanapalle','Andhra Pradesh'),(62,'Mahbubnagar','Andhra Pradesh'),(63,'Mancherial','Andhra Pradesh'),(64,'Mandamarri','Andhra Pradesh'),(65,'Mandapeta','Andhra Pradesh'),(66,'Manuguru','Andhra Pradesh'),(67,'Markapur','Andhra Pradesh'),(68,'Medak','Andhra Pradesh'),(69,'Miryalaguda','Andhra Pradesh'),(70,'Mogalthur','Andhra Pradesh'),(71,'Nagari','Andhra Pradesh'),(72,'Nagarkurnool','Andhra Pradesh'),(73,'Nandyal','Andhra Pradesh'),(74,'Narasapur','Andhra Pradesh'),(75,'Narasaraopet','Andhra Pradesh'),(76,'Narayanpet','Andhra Pradesh'),(77,'Narsipatnam','Andhra Pradesh'),(78,'Nellore','Andhra Pradesh'),(79,'Nidadavole','Andhra Pradesh'),(80,'Nirmal','Andhra Pradesh'),(81,'Nizamabad','Andhra Pradesh'),(82,'Nuzvid','Andhra Pradesh'),(83,'Ongole','Andhra Pradesh'),(84,'Palacole','Andhra Pradesh'),(85,'Palasa Kasibugga','Andhra Pradesh'),(86,'Palwancha','Andhra Pradesh'),(87,'Parvathipuram','Andhra Pradesh'),(88,'Pedana','Andhra Pradesh'),(89,'Peddapuram','Andhra Pradesh'),(90,'Pithapuram','Andhra Pradesh'),(91,'Pondur','Andhra pradesh'),(92,'Ponnur','Andhra Pradesh'),(93,'Proddatur','Andhra Pradesh'),(94,'Punganur','Andhra Pradesh'),(95,'Puttur','Andhra Pradesh'),(96,'Rajahmundry','Andhra Pradesh'),(97,'Rajam','Andhra Pradesh'),(98,'Ramachandrapuram','Andhra Pradesh'),(99,'Ramagundam','Andhra Pradesh'),(100,'Rayachoti','Andhra Pradesh'),(101,'Rayadurg','Andhra Pradesh'),(102,'Renigunta','Andhra Pradesh'),(103,'Repalle','Andhra Pradesh'),(104,'Sadasivpet','Andhra Pradesh'),(105,'Salur','Andhra Pradesh'),(106,'Samalkot','Andhra Pradesh'),(107,'Sangareddy','Andhra Pradesh'),(108,'Sattenapalle','Andhra Pradesh'),(109,'Siddipet','Andhra Pradesh'),(110,'Singapur','Andhra Pradesh'),(111,'Sircilla','Andhra Pradesh'),(112,'Srikakulam','Andhra Pradesh'),(113,'Srikalahasti','Andhra Pradesh'),(115,'Suryapet','Andhra Pradesh'),(116,'Tadepalligudem','Andhra Pradesh'),(117,'Tadpatri','Andhra Pradesh'),(118,'Tandur','Andhra Pradesh'),(119,'Tanuku','Andhra Pradesh'),(120,'Tenali','Andhra Pradesh'),(121,'Tirupati','Andhra Pradesh'),(122,'Tuni','Andhra Pradesh'),(123,'Uravakonda','Andhra Pradesh'),(124,'Venkatagiri','Andhra Pradesh'),(125,'Vicarabad','Andhra Pradesh'),(126,'Vijayawada','Andhra Pradesh'),(127,'Vinukonda','Andhra Pradesh'),(128,'Visakhapatnam','Andhra Pradesh'),(129,'Vizianagaram','Andhra Pradesh'),(130,'Wanaparthy','Andhra Pradesh'),(131,'Warangal','Andhra Pradesh'),(132,'Yellandu','Andhra Pradesh'),(133,'Yemmiganur','Andhra Pradesh'),(134,'Yerraguntla','Andhra Pradesh'),(135,'Zahirabad','Andhra Pradesh'),(136,'Rajampet','Andhra Pradesh'),(137,'Along','Arunachal Pradesh'),(138,'Bomdila','Arunachal Pradesh'),(139,'Itanagar','Arunachal Pradesh'),(140,'Naharlagun','Arunachal Pradesh'),(141,'Pasighat','Arunachal Pradesh'),(142,'Abhayapuri','Assam'),(143,'Amguri','Assam'),(144,'Anandnagaar','Assam'),(145,'Barpeta','Assam'),(146,'Barpeta Road','Assam'),(147,'Bilasipara','Assam'),(148,'Bongaigaon','Assam'),(149,'Dhekiajuli','Assam'),(150,'Dhubri','Assam'),(151,'Dibrugarh','Assam'),(152,'Digboi','Assam'),(153,'Diphu','Assam'),(154,'Dispur','Assam'),(156,'Gauripur','Assam'),(157,'Goalpara','Assam'),(158,'Golaghat','Assam'),(159,'Guwahati','Assam'),(160,'Haflong','Assam'),(161,'Hailakandi','Assam'),(162,'Hojai','Assam'),(163,'Jorhat','Assam'),(164,'Karimganj','Assam'),(165,'Kokrajhar','Assam'),(166,'Lanka','Assam'),(167,'Lumding','Assam'),(168,'Mangaldoi','Assam'),(169,'Mankachar','Assam'),(170,'Margherita','Assam'),(171,'Mariani','Assam'),(172,'Marigaon','Assam'),(173,'Nagaon','Assam'),(174,'Nalbari','Assam'),(175,'North Lakhimpur','Assam'),(176,'Rangia','Assam'),(177,'Sibsagar','Assam'),(178,'Silapathar','Assam'),(179,'Silchar','Assam'),(180,'Tezpur','Assam'),(181,'Tinsukia','Assam'),(182,'Amarpur','Bihar'),(183,'Araria','Bihar'),(184,'Areraj','Bihar'),(185,'Arrah','Bihar'),(186,'Asarganj','Bihar'),(187,'Aurangabad','Bihar'),(188,'Bagaha','Bihar'),(189,'Bahadurganj','Bihar'),(190,'Bairgania','Bihar'),(191,'Bakhtiarpur','Bihar'),(192,'Banka','Bihar'),(193,'Banmankhi Bazar','Bihar'),(194,'Barahiya','Bihar'),(195,'Barauli','Bihar'),(196,'Barbigha','Bihar'),(197,'Barh','Bihar'),(198,'Begusarai','Bihar'),(199,'Behea','Bihar'),(200,'Bettiah','Bihar'),(201,'Bhabua','Bihar'),(202,'Bhagalpur','Bihar'),(203,'Bihar Sharif','Bihar'),(204,'Bikramganj','Bihar'),(205,'Bodh Gaya','Bihar'),(206,'Buxar','Bihar'),(207,'Chandan Bara','Bihar'),(208,'Chanpatia','Bihar'),(209,'Chhapra','Bihar'),(210,'Colgong','Bihar'),(211,'Dalsinghsarai','Bihar'),(212,'Darbhanga','Bihar'),(213,'Daudnagar','Bihar'),(214,'Dehri-on-Sone','Bihar'),(215,'Dhaka','Bihar'),(216,'Dighwara','Bihar'),(217,'Dumraon','Bihar'),(218,'Fatwah','Bihar'),(219,'Forbesganj','Bihar'),(220,'Gaya','Bihar'),(221,'Gogri Jamalpur','Bihar'),(222,'Gopalganj','Bihar'),(223,'Hajipur','Bihar'),(224,'Hilsa','Bihar'),(225,'Hisua','Bihar'),(226,'Islampur','Bihar'),(227,'Jagdispur','Bihar'),(228,'Jamalpur','Bihar'),(229,'Jamui','Bihar'),(230,'Jehanabad','Bihar'),(231,'Jhajha','Bihar'),(232,'Jhanjharpur','Bihar'),(233,'Jogabani','Bihar'),(234,'Kanti','Bihar'),(235,'Katihar','Bihar'),(236,'Khagaria','Bihar'),(237,'Kharagpur','Bihar'),(238,'Kishanganj','Bihar'),(239,'Lakhisarai','Bihar'),(240,'Lalganj','Bihar'),(241,'Madhepura','Bihar'),(242,'Madhubani','Bihar'),(243,'Maharajganj','Bihar'),(244,'Mahnar Bazar','Bihar'),(245,'Makhdumpur','Bihar'),(246,'Maner','Bihar'),(247,'Manihari','Bihar'),(248,'Marhaura','Bihar'),(249,'Masaurhi','Bihar'),(250,'Mirganj','Bihar'),(251,'Mokameh','Bihar'),(252,'Motihari','Bihar'),(253,'Motipur','Bihar'),(254,'Munger','Bihar'),(255,'Murliganj','Bihar'),(256,'Muzaffarpur','Bihar'),(257,'Narkatiaganj','Bihar'),(258,'Naugachhia','Bihar'),(259,'Nawada','Bihar'),(260,'Nokha','Bihar'),(261,'Patna','Bihar'),(262,'Piro','Bihar'),(263,'Purnia','Bihar'),(264,'Rafiganj','Bihar'),(265,'Rajgir','Bihar'),(266,'Ramnagar','Bihar'),(267,'Raxaul Bazar','Bihar'),(268,'Revelganj','Bihar'),(269,'Rosera','Bihar'),(270,'Saharsa','Bihar'),(271,'Samastipur','Bihar'),(272,'Sasaram','Bihar'),(273,'Sheikhpura','Bihar'),(274,'Sheohar','Bihar'),(275,'Sherghati','Bihar'),(276,'Silao','Bihar'),(277,'Sitamarhi','Bihar'),(278,'Siwan','Bihar'),(279,'Sonepur','Bihar'),(280,'Sugauli','Bihar'),(281,'Sultanganj','Bihar'),(282,'Supaul','Bihar'),(283,'Warisaliganj','Bihar'),(284,'Ahiwara','Chhattisgarh'),(285,'Akaltara','Chhattisgarh'),(286,'Ambagarh Chowki','Chhattisgarh'),(287,'Ambikapur','Chhattisgarh'),(288,'Arang','Chhattisgarh'),(289,'Bade Bacheli','Chhattisgarh'),(290,'Balod','Chhattisgarh'),(291,'Baloda Bazar','Chhattisgarh'),(292,'Bemetra','Chhattisgarh'),(293,'Bhatapara','Chhattisgarh'),(294,'Bilaspur','Chhattisgarh'),(295,'Birgaon','Chhattisgarh'),(296,'Champa','Chhattisgarh'),(297,'Chirmiri','Chhattisgarh'),(298,'Dalli-Rajhara','Chhattisgarh'),(299,'Dhamtari','Chhattisgarh'),(300,'Dipka','Chhattisgarh'),(301,'Dongargarh','Chhattisgarh'),(302,'Durg-Bhilai Nagar','Chhattisgarh'),(303,'Gobranawapara','Chhattisgarh'),(304,'Jagdalpur','Chhattisgarh'),(305,'Janjgir','Chhattisgarh'),(306,'Jashpurnagar','Chhattisgarh'),(307,'Kanker','Chhattisgarh'),(308,'Kawardha','Chhattisgarh'),(309,'Kondagaon','Chhattisgarh'),(310,'Korba','Chhattisgarh'),(311,'Mahasamund','Chhattisgarh'),(312,'Mahendragarh','Chhattisgarh'),(313,'Mungeli','Chhattisgarh'),(314,'Naila Janjgir','Chhattisgarh'),(315,'Raigarh','Chhattisgarh'),(316,'Raipur','Chhattisgarh'),(317,'Rajnandgaon','Chhattisgarh'),(318,'Sakti','Chhattisgarh'),(319,'Tilda Newra','Chhattisgarh'),(320,'Amli','Dadra & Nagar Haveli'),(321,'Silvassa','Dadra & Nagar Haveli'),(322,'Daman and Diu','Daman & Diu'),(323,'Daman and Diu','Daman & Diu'),(324,'Asola','Delhi'),(325,'Delhi','Delhi'),(326,'Aldona','Goa'),(327,'Curchorem Cacora','Goa'),(328,'Madgaon','Goa'),(329,'Mapusa','Goa'),(330,'Margao','Goa'),(331,'Marmagao','Goa'),(332,'Panaji','Goa'),(333,'Ahmedabad','Gujarat'),(334,'Amreli','Gujarat'),(335,'Anand','Gujarat'),(336,'Ankleshwar','Gujarat'),(337,'Bharuch','Gujarat'),(338,'Bhavnagar','Gujarat'),(339,'Bhuj','Gujarat'),(340,'Cambay','Gujarat'),(341,'Dahod','Gujarat'),(342,'Deesa','Gujarat'),(343,'Dharampur',' India'),(344,'Dholka','Gujarat'),(345,'Gandhinagar','Gujarat'),(346,'Godhra','Gujarat'),(347,'Himatnagar','Gujarat'),(348,'Idar','Gujarat'),(349,'Jamnagar','Gujarat'),(350,'Junagadh','Gujarat'),(351,'Kadi','Gujarat'),(352,'Kalavad','Gujarat'),(353,'Kalol','Gujarat'),(354,'Kapadvanj','Gujarat'),(355,'Karjan','Gujarat'),(356,'Keshod','Gujarat'),(357,'Khambhalia','Gujarat'),(358,'Khambhat','Gujarat'),(359,'Kheda','Gujarat'),(360,'Khedbrahma','Gujarat'),(361,'Kheralu','Gujarat'),(362,'Kodinar','Gujarat'),(363,'Lathi','Gujarat'),(364,'Limbdi','Gujarat'),(365,'Lunawada','Gujarat'),(366,'Mahesana','Gujarat'),(367,'Mahuva','Gujarat'),(368,'Manavadar','Gujarat'),(369,'Mandvi','Gujarat'),(370,'Mangrol','Gujarat'),(371,'Mansa','Gujarat'),(372,'Mehmedabad','Gujarat'),(373,'Modasa','Gujarat'),(374,'Morvi','Gujarat'),(375,'Nadiad','Gujarat'),(376,'Navsari','Gujarat'),(377,'Padra','Gujarat'),(378,'Palanpur','Gujarat'),(379,'Palitana','Gujarat'),(380,'Pardi','Gujarat'),(381,'Patan','Gujarat'),(382,'Petlad','Gujarat'),(383,'Porbandar','Gujarat'),(384,'Radhanpur','Gujarat'),(385,'Rajkot','Gujarat'),(386,'Rajpipla','Gujarat'),(387,'Rajula','Gujarat'),(388,'Ranavav','Gujarat'),(389,'Rapar','Gujarat'),(390,'Salaya','Gujarat'),(391,'Sanand','Gujarat'),(392,'Savarkundla','Gujarat'),(393,'Sidhpur','Gujarat'),(394,'Sihor','Gujarat'),(395,'Songadh','Gujarat'),(396,'Surat','Gujarat'),(397,'Talaja','Gujarat'),(398,'Thangadh','Gujarat'),(399,'Tharad','Gujarat'),(400,'Umbergaon','Gujarat'),(401,'Umreth','Gujarat'),(402,'Una','Gujarat'),(403,'Unjha','Gujarat'),(404,'Upleta','Gujarat'),(405,'Vadnagar','Gujarat'),(406,'Vadodara','Gujarat'),(407,'Valsad','Gujarat'),(408,'Vapi','Gujarat'),(409,'Vapi','Gujarat'),(410,'Veraval','Gujarat'),(411,'Vijapur','Gujarat'),(412,'Viramgam','Gujarat'),(413,'Visnagar','Gujarat'),(414,'Vyara','Gujarat'),(415,'Wadhwan','Gujarat'),(416,'Wankaner','Gujarat'),(417,'Adalaj','Gujrat'),(418,'Adityana','Gujrat'),(419,'Alang','Gujrat'),(420,'Ambaji','Gujrat'),(421,'Ambaliyasan','Gujrat'),(422,'Andada','Gujrat'),(423,'Anjar','Gujrat'),(424,'Anklav','Gujrat'),(425,'Antaliya','Gujrat'),(426,'Arambhada','Gujrat'),(427,'Atul','Gujrat'),(428,'Ballabhgarh','Hariyana'),(429,'Ambala','Haryana'),(430,'Ambala','Haryana'),(431,'Asankhurd','Haryana'),(432,'Assandh','Haryana'),(433,'Ateli','Haryana'),(434,'Babiyal','Haryana'),(435,'Bahadurgarh','Haryana'),(436,'Barwala','Haryana'),(437,'Bhiwani','Haryana'),(438,'Charkhi Dadri','Haryana'),(439,'Cheeka','Haryana'),(440,'Ellenabad 2','Haryana'),(441,'Faridabad','Haryana'),(442,'Fatehabad','Haryana'),(443,'Ganaur','Haryana'),(444,'Gharaunda','Haryana'),(445,'Gohana','Haryana'),(446,'Gurgaon','Haryana'),(447,'Haibat(Yamuna Nagar)','Haryana'),(448,'Hansi','Haryana'),(449,'Hisar','Haryana'),(450,'Hodal','Haryana'),(451,'Jhajjar','Haryana'),(452,'Jind','Haryana'),(453,'Kaithal','Haryana'),(454,'Kalan Wali','Haryana'),(455,'Kalka','Haryana'),(456,'Karnal','Haryana'),(457,'Ladwa','Haryana'),(458,'Mahendragarh','Haryana'),(459,'Mandi Dabwali','Haryana'),(460,'Narnaul','Haryana'),(461,'Narwana','Haryana'),(462,'Palwal','Haryana'),(463,'Panchkula','Haryana'),(464,'Panipat','Haryana'),(465,'Pehowa','Haryana'),(466,'Pinjore','Haryana'),(467,'Rania','Haryana'),(468,'Ratia','Haryana'),(469,'Rewari','Haryana'),(470,'Rohtak','Haryana'),(471,'Safidon','Haryana'),(472,'Samalkha','Haryana'),(473,'Shahbad','Haryana'),(474,'Sirsa','Haryana'),(475,'Sohna','Haryana'),(476,'Sonipat','Haryana'),(477,'Taraori','Haryana'),(478,'Thanesar','Haryana'),(479,'Tohana','Haryana'),(480,'Yamunanagar','Haryana'),(481,'Arki','Himachal Pradesh'),(482,'Baddi','Himachal Pradesh'),(483,'Bilaspur','Himachal Pradesh'),(484,'Chamba','Himachal Pradesh'),(485,'Dalhousie','Himachal Pradesh'),(486,'Dharamsala','Himachal Pradesh'),(487,'Hamirpur','Himachal Pradesh'),(488,'Mandi','Himachal Pradesh'),(489,'Nahan','Himachal Pradesh'),(490,'Shimla','Himachal Pradesh'),(491,'Solan','Himachal Pradesh'),(492,'Sundarnagar','Himachal Pradesh'),(493,'Jammu','Jammu & Kashmir'),(494,'Achabbal','Jammu & Kashmir'),(495,'Akhnoor','Jammu & Kashmir'),(496,'Anantnag','Jammu & Kashmir'),(497,'Arnia','Jammu & Kashmir'),(498,'Awantipora','Jammu & Kashmir'),(499,'Bandipore','Jammu & Kashmir'),(500,'Baramula','Jammu & Kashmir'),(501,'Kathua','Jammu & Kashmir'),(502,'Leh','Jammu & Kashmir'),(503,'Punch','Jammu & Kashmir'),(504,'Rajauri','Jammu & Kashmir'),(505,'Sopore','Jammu & Kashmir'),(506,'Srinagar','Jammu & Kashmir'),(507,'Udhampur','Jammu & Kashmir'),(508,'Amlabad','Jharkhand'),(509,'Ara','Jharkhand'),(510,'Barughutu','Jharkhand'),(511,'Bokaro Steel City','Jharkhand'),(512,'Chaibasa','Jharkhand'),(513,'Chakradharpur','Jharkhand'),(514,'Chandrapura','Jharkhand'),(515,'Chatra','Jharkhand'),(516,'Chirkunda','Jharkhand'),(517,'Churi','Jharkhand'),(518,'Daltonganj','Jharkhand'),(519,'Deoghar','Jharkhand'),(520,'Dhanbad','Jharkhand'),(521,'Dumka','Jharkhand'),(522,'Garhwa','Jharkhand'),(523,'Ghatshila','Jharkhand'),(524,'Giridih','Jharkhand'),(525,'Godda','Jharkhand'),(526,'Gomoh','Jharkhand'),(527,'Gumia','Jharkhand'),(528,'Gumla','Jharkhand'),(529,'Hazaribag','Jharkhand'),(530,'Hussainabad','Jharkhand'),(531,'Jamshedpur','Jharkhand'),(532,'Jamtara','Jharkhand'),(533,'Jhumri Tilaiya','Jharkhand'),(534,'Khunti','Jharkhand'),(535,'Lohardaga','Jharkhand'),(536,'Madhupur','Jharkhand'),(537,'Mihijam','Jharkhand'),(538,'Musabani','Jharkhand'),(539,'Pakaur','Jharkhand'),(540,'Patratu','Jharkhand'),(541,'Phusro','Jharkhand'),(542,'Ramngarh','Jharkhand'),(543,'Ranchi','Jharkhand'),(544,'Sahibganj','Jharkhand'),(545,'Saunda','Jharkhand'),(546,'Simdega','Jharkhand'),(547,'Tenu Dam-cum- Kathhara','Jharkhand'),(548,'Arasikere','Karnataka'),(549,'Bangalore','Karnataka'),(550,'Belgaum','Karnataka'),(551,'Bellary','Karnataka'),(552,'Chamrajnagar','Karnataka'),(553,'Chikkaballapur','Karnataka'),(554,'Chintamani','Karnataka'),(555,'Chitradurga','Karnataka'),(556,'Gulbarga','Karnataka'),(557,'Gundlupet','Karnataka'),(558,'Hassan','Karnataka'),(559,'Hospet','Karnataka'),(560,'Hubli','Karnataka'),(561,'Karkala','Karnataka'),(562,'Karwar','Karnataka'),(563,'Kolar','Karnataka'),(564,'Kota','Karnataka'),(565,'Lakshmeshwar','Karnataka'),(566,'Lingsugur','Karnataka'),(567,'Maddur','Karnataka'),(568,'Madhugiri','Karnataka'),(569,'Madikeri','Karnataka'),(570,'Magadi','Karnataka'),(571,'Mahalingpur','Karnataka'),(572,'Malavalli','Karnataka'),(573,'Malur','Karnataka'),(574,'Mandya','Karnataka'),(575,'Mangalore','Karnataka'),(576,'Manvi','Karnataka'),(577,'Mudalgi','Karnataka'),(578,'Mudbidri','Karnataka'),(579,'Muddebihal','Karnataka'),(580,'Mudhol','Karnataka'),(581,'Mulbagal','Karnataka'),(582,'Mundargi','Karnataka'),(583,'Mysore','Karnataka'),(584,'Nanjangud','Karnataka'),(585,'Pavagada','Karnataka'),(586,'Puttur','Karnataka'),(587,'Rabkavi Banhatti','Karnataka'),(588,'Raichur','Karnataka'),(589,'Ramanagaram','Karnataka'),(590,'Ramdurg','Karnataka'),(591,'Ranibennur','Karnataka'),(592,'Robertson Pet','Karnataka'),(593,'Ron','Karnataka'),(594,'Sadalgi','Karnataka'),(595,'Sagar','Karnataka'),(596,'Sakleshpur','Karnataka'),(597,'Sandur','Karnataka'),(598,'Sankeshwar','Karnataka'),(599,'Saundatti-Yellamma','Karnataka'),(600,'Savanur','Karnataka'),(601,'Sedam','Karnataka'),(602,'Shahabad','Karnataka'),(603,'Shahpur','Karnataka'),(604,'Shiggaon','Karnataka'),(605,'Shikapur','Karnataka'),(606,'Shimoga','Karnataka'),(607,'Shorapur','Karnataka'),(608,'Shrirangapattana','Karnataka'),(609,'Sidlaghatta','Karnataka'),(610,'Sindgi','Karnataka'),(611,'Sindhnur','Karnataka'),(612,'Sira','Karnataka'),(613,'Sirsi','Karnataka'),(614,'Siruguppa','Karnataka'),(615,'Srinivaspur','Karnataka'),(616,'Talikota','Karnataka'),(617,'Tarikere','Karnataka'),(618,'Tekkalakota','Karnataka'),(619,'Terdal','Karnataka'),(620,'Tiptur','Karnataka'),(621,'Tumkur','Karnataka'),(622,'Udupi','Karnataka'),(623,'Vijayapura','Karnataka'),(624,'Wadi','Karnataka'),(625,'Yadgir','Karnataka'),(626,'Adoor','Kerala'),(627,'Akathiyoor','Kerala'),(628,'Alappuzha','Kerala'),(629,'Ancharakandy','Kerala'),(630,'Aroor','Kerala'),(631,'Ashtamichira','Kerala'),(632,'Attingal','Kerala'),(633,'Avinissery','Kerala'),(634,'Chalakudy','Kerala'),(635,'Changanassery','Kerala'),(636,'Chendamangalam','Kerala'),(637,'Chengannur','Kerala'),(638,'Cherthala','Kerala'),(639,'Cheruthazham','Kerala'),(640,'Chittur-Thathamangalam','Kerala'),(641,'Chockli','Kerala'),(642,'Erattupetta','Kerala'),(643,'Guruvayoor','Kerala'),(644,'Irinjalakuda','Kerala'),(645,'Kadirur','Kerala'),(646,'Kalliasseri','Kerala'),(647,'Kalpetta','Kerala'),(648,'Kanhangad','Kerala'),(649,'Kanjikkuzhi','Kerala'),(650,'Kannur','Kerala'),(651,'Kasaragod','Kerala'),(652,'Kayamkulam','Kerala'),(653,'Kochi','Kerala'),(654,'Kodungallur','Kerala'),(655,'Kollam','Kerala'),(656,'Koothuparamba','Kerala'),(657,'Kothamangalam','Kerala'),(658,'Kottayam','Kerala'),(659,'Kozhikode','Kerala'),(660,'Kunnamkulam','Kerala'),(661,'Malappuram','Kerala'),(662,'Mattannur','Kerala'),(663,'Mavelikkara','Kerala'),(664,'Mavoor','Kerala'),(665,'Muvattupuzha','Kerala'),(666,'Nedumangad','Kerala'),(667,'Neyyattinkara','Kerala'),(668,'Ottappalam','Kerala'),(669,'Palai','Kerala'),(670,'Palakkad','Kerala'),(671,'Panniyannur','Kerala'),(672,'Pappinisseri','Kerala'),(673,'Paravoor','Kerala'),(674,'Pathanamthitta','Kerala'),(675,'Payyannur','Kerala'),(676,'Peringathur','Kerala'),(677,'Perinthalmanna','Kerala'),(678,'Perumbavoor','Kerala'),(679,'Ponnani','Kerala'),(680,'Punalur','Kerala'),(681,'Quilandy','Kerala'),(682,'Shoranur','Kerala'),(683,'Taliparamba','Kerala'),(684,'Thiruvalla','Kerala'),(685,'Thiruvananthapuram','Kerala'),(686,'Thodupuzha','Kerala'),(687,'Thrissur','Kerala'),(688,'Tirur','Kerala'),(689,'Vadakara','Kerala'),(690,'Vaikom','Kerala'),(691,'Varkala','Kerala'),(692,'Kavaratti','Lakshadweep'),(693,'Ashok Nagar','Madhya Pradesh'),(694,'Balaghat','Madhya Pradesh'),(695,'Betul','Madhya Pradesh'),(696,'Bhopal','Madhya Pradesh'),(697,'Burhanpur','Madhya Pradesh'),(698,'Chhatarpur','Madhya Pradesh'),(699,'Dabra','Madhya Pradesh'),(700,'Datia','Madhya Pradesh'),(701,'Dewas','Madhya Pradesh'),(702,'Dhar','Madhya Pradesh'),(703,'Fatehabad','Madhya Pradesh'),(704,'Gwalior','Madhya Pradesh'),(705,'Indore','Madhya Pradesh'),(706,'Itarsi','Madhya Pradesh'),(707,'Jabalpur','Madhya Pradesh'),(708,'Katni','Madhya Pradesh'),(709,'Kotma','Madhya Pradesh'),(710,'Lahar','Madhya Pradesh'),(711,'Lundi','Madhya Pradesh'),(712,'Maharajpur','Madhya Pradesh'),(713,'Mahidpur','Madhya Pradesh'),(714,'Maihar','Madhya Pradesh'),(715,'Malajkhand','Madhya Pradesh'),(716,'Manasa','Madhya Pradesh'),(717,'Manawar','Madhya Pradesh'),(718,'Mandideep','Madhya Pradesh'),(719,'Mandla','Madhya Pradesh'),(720,'Mandsaur','Madhya Pradesh'),(721,'Mauganj','Madhya Pradesh'),(722,'Mhow Cantonment','Madhya Pradesh'),(723,'Mhowgaon','Madhya Pradesh'),(724,'Morena','Madhya Pradesh'),(725,'Multai','Madhya Pradesh'),(726,'Murwara','Madhya Pradesh'),(727,'Nagda','Madhya Pradesh'),(728,'Nainpur','Madhya Pradesh'),(729,'Narsinghgarh','Madhya Pradesh'),(730,'Narsinghgarh','Madhya Pradesh'),(731,'Neemuch','Madhya Pradesh'),(732,'Nepanagar','Madhya Pradesh'),(733,'Niwari','Madhya Pradesh'),(734,'Nowgong','Madhya Pradesh'),(735,'Nowrozabad','Madhya Pradesh'),(736,'Pachore','Madhya Pradesh'),(737,'Pali','Madhya Pradesh'),(738,'Panagar','Madhya Pradesh'),(739,'Pandhurna','Madhya Pradesh'),(740,'Panna','Madhya Pradesh'),(741,'Pasan','Madhya Pradesh'),(742,'Pipariya','Madhya Pradesh'),(743,'Pithampur','Madhya Pradesh'),(744,'Porsa','Madhya Pradesh'),(745,'Prithvipur','Madhya Pradesh'),(746,'Raghogarh-Vijaypur','Madhya Pradesh'),(747,'Rahatgarh','Madhya Pradesh'),(748,'Raisen','Madhya Pradesh'),(749,'Rajgarh','Madhya Pradesh'),(750,'Ratlam','Madhya Pradesh'),(751,'Rau','Madhya Pradesh'),(752,'Rehli','Madhya Pradesh'),(753,'Rewa','Madhya Pradesh'),(754,'Sabalgarh','Madhya Pradesh'),(755,'Sagar','Madhya Pradesh'),(756,'Sanawad','Madhya Pradesh'),(757,'Sarangpur','Madhya Pradesh'),(758,'Sarni','Madhya Pradesh'),(759,'Satna','Madhya Pradesh'),(760,'Sausar','Madhya Pradesh'),(761,'Sehore','Madhya Pradesh'),(762,'Sendhwa','Madhya Pradesh'),(763,'Seoni','Madhya Pradesh'),(764,'Seoni-Malwa','Madhya Pradesh'),(765,'Shahdol','Madhya Pradesh'),(766,'Shajapur','Madhya Pradesh'),(767,'Shamgarh','Madhya Pradesh'),(768,'Sheopur','Madhya Pradesh'),(769,'Shivpuri','Madhya Pradesh'),(770,'Shujalpur','Madhya Pradesh'),(771,'Sidhi','Madhya Pradesh'),(772,'Sihora','Madhya Pradesh'),(773,'Singrauli','Madhya Pradesh'),(774,'Sironj','Madhya Pradesh'),(775,'Sohagpur','Madhya Pradesh'),(776,'Tarana','Madhya Pradesh'),(777,'Tikamgarh','Madhya Pradesh'),(778,'Ujhani','Madhya Pradesh'),(779,'Ujjain','Madhya Pradesh'),(780,'Umaria','Madhya Pradesh'),(781,'Vidisha','Madhya Pradesh'),(782,'Wara Seoni','Madhya Pradesh'),(783,'Ahmednagar','Maharashtra'),(784,'Akola','Maharashtra'),(785,'Amravati','Maharashtra'),(786,'Aurangabad','Maharashtra'),(787,'Baramati','Maharashtra'),(788,'Chalisgaon','Maharashtra'),(789,'Chinchani','Maharashtra'),(790,'Devgarh','Maharashtra'),(791,'Dhule','Maharashtra'),(792,'Dombivli','Maharashtra'),(793,'Durgapur','Maharashtra'),(794,'Ichalkaranji','Maharashtra'),(795,'Jalna','Maharashtra'),(796,'Kalyan','Maharashtra'),(797,'Latur','Maharashtra'),(798,'Loha','Maharashtra'),(799,'Lonar','Maharashtra'),(800,'Lonavla','Maharashtra'),(801,'Mahad','Maharashtra'),(802,'Mahuli','Maharashtra'),(803,'Malegaon','Maharashtra'),(804,'Malkapur','Maharashtra'),(805,'Manchar','Maharashtra'),(806,'Mangalvedhe','Maharashtra'),(807,'Mangrulpir','Maharashtra'),(808,'Manjlegaon','Maharashtra'),(809,'Manmad','Maharashtra'),(810,'Manwath','Maharashtra'),(811,'Mehkar','Maharashtra'),(812,'Mhaswad','Maharashtra'),(813,'Miraj','Maharashtra'),(814,'Morshi','Maharashtra'),(815,'Mukhed','Maharashtra'),(816,'Mul','Maharashtra'),(817,'Mumbai','Maharashtra'),(818,'Murtijapur','Maharashtra'),(819,'Nagpur','Maharashtra'),(820,'Nalasopara','Maharashtra'),(821,'Nanded-Waghala','Maharashtra'),(822,'Nandgaon','Maharashtra'),(823,'Nandura','Maharashtra'),(824,'Nandurbar','Maharashtra'),(825,'Narkhed','Maharashtra'),(826,'Nashik','Maharashtra'),(827,'Navi Mumbai','Maharashtra'),(828,'Nawapur','Maharashtra'),(829,'Nilanga','Maharashtra'),(830,'Osmanabad','Maharashtra'),(831,'Ozar','Maharashtra'),(832,'Pachora','Maharashtra'),(833,'Paithan','Maharashtra'),(834,'Palghar','Maharashtra'),(835,'Pandharkaoda','Maharashtra'),(836,'Pandharpur','Maharashtra'),(837,'Panvel','Maharashtra'),(838,'Parbhani','Maharashtra'),(839,'Parli','Maharashtra'),(840,'Parola','Maharashtra'),(841,'Partur','Maharashtra'),(842,'Pathardi','Maharashtra'),(843,'Pathri','Maharashtra'),(844,'Patur','Maharashtra'),(845,'Pauni','Maharashtra'),(846,'Pen','Maharashtra'),(847,'Phaltan','Maharashtra'),(848,'Pulgaon','Maharashtra'),(849,'Pune','Maharashtra'),(850,'Purna','Maharashtra'),(851,'Pusad','Maharashtra'),(852,'Rahuri','Maharashtra'),(853,'Rajura','Maharashtra'),(854,'Ramtek','Maharashtra'),(855,'Ratnagiri','Maharashtra'),(856,'Raver','Maharashtra'),(857,'Risod','Maharashtra'),(858,'Sailu','Maharashtra'),(859,'Sangamner','Maharashtra'),(860,'Sangli','Maharashtra'),(861,'Sangole','Maharashtra'),(862,'Sasvad','Maharashtra'),(863,'Satana','Maharashtra'),(864,'Satara','Maharashtra'),(865,'Savner','Maharashtra'),(866,'Sawantwadi','Maharashtra'),(867,'Shahade','Maharashtra'),(868,'Shegaon','Maharashtra'),(869,'Shendurjana','Maharashtra'),(870,'Shirdi','Maharashtra'),(871,'Shirpur-Warwade','Maharashtra'),(872,'Shirur','Maharashtra'),(873,'Shrigonda','Maharashtra'),(874,'Shrirampur','Maharashtra'),(875,'Sillod','Maharashtra'),(876,'Sinnar','Maharashtra'),(877,'Solapur','Maharashtra'),(878,'Soyagaon','Maharashtra'),(879,'Talegaon Dabhade','Maharashtra'),(880,'Talode','Maharashtra'),(881,'Tasgaon','Maharashtra'),(882,'Tirora','Maharashtra'),(883,'Tuljapur','Maharashtra'),(884,'Tumsar','Maharashtra'),(885,'Uran','Maharashtra'),(886,'Uran Islampur','Maharashtra'),(887,'Wadgaon Road','Maharashtra'),(888,'Wai','Maharashtra'),(889,'Wani','Maharashtra'),(890,'Wardha','Maharashtra'),(891,'Warora','Maharashtra'),(892,'Warud','Maharashtra'),(893,'Washim','Maharashtra'),(894,'Yevla','Maharashtra'),(895,'Uchgaon','Maharashtra'),(896,'Udgir','Maharashtra'),(897,'Umarga','Maharastra'),(898,'Umarkhed','Maharastra'),(899,'Umred','Maharastra'),(900,'Vadgaon Kasba','Maharastra'),(901,'Vaijapur','Maharastra'),(902,'Vasai','Maharastra'),(903,'Virar','Maharastra'),(904,'Vita','Maharastra'),(905,'Yavatmal','Maharastra'),(906,'Yawal','Maharastra'),(907,'Imphal','Manipur'),(908,'Kakching','Manipur'),(909,'Lilong','Manipur'),(910,'Mayang Imphal','Manipur'),(911,'Thoubal','Manipur'),(912,'Jowai','Meghalaya'),(913,'Nongstoin','Meghalaya'),(914,'Shillong','Meghalaya'),(915,'Tura','Meghalaya'),(916,'Aizawl','Mizoram'),(917,'Champhai','Mizoram'),(918,'Lunglei','Mizoram'),(919,'Saiha','Mizoram'),(920,'Dimapur','Nagaland'),(921,'Kohima','Nagaland'),(922,'Mokokchung','Nagaland'),(923,'Tuensang','Nagaland'),(924,'Wokha','Nagaland'),(925,'Zunheboto','Nagaland'),(950,'Anandapur','Orissa'),(951,'Anugul','Orissa'),(952,'Asika','Orissa'),(953,'Balangir','Orissa'),(954,'Balasore','Orissa'),(955,'Baleshwar','Orissa'),(956,'Bamra','Orissa'),(957,'Barbil','Orissa'),(958,'Bargarh','Orissa'),(959,'Bargarh','Orissa'),(960,'Baripada','Orissa'),(961,'Basudebpur','Orissa'),(962,'Belpahar','Orissa'),(963,'Bhadrak','Orissa'),(964,'Bhawanipatna','Orissa'),(965,'Bhuban','Orissa'),(966,'Bhubaneswar','Orissa'),(967,'Biramitrapur','Orissa'),(968,'Brahmapur','Orissa'),(969,'Brajrajnagar','Orissa'),(970,'Byasanagar','Orissa'),(971,'Cuttack','Orissa'),(972,'Debagarh','Orissa'),(973,'Dhenkanal','Orissa'),(974,'Gunupur','Orissa'),(975,'Hinjilicut','Orissa'),(976,'Jagatsinghapur','Orissa'),(977,'Jajapur','Orissa'),(978,'Jaleswar','Orissa'),(979,'Jatani','Orissa'),(980,'Jeypur','Orissa'),(981,'Jharsuguda','Orissa'),(982,'Joda','Orissa'),(983,'Kantabanji','Orissa'),(984,'Karanjia','Orissa'),(985,'Kendrapara','Orissa'),(986,'Kendujhar','Orissa'),(987,'Khordha','Orissa'),(988,'Koraput','Orissa'),(989,'Malkangiri','Orissa'),(990,'Nabarangapur','Orissa'),(991,'Paradip','Orissa'),(992,'Parlakhemundi','Orissa'),(993,'Pattamundai','Orissa'),(994,'Phulabani','Orissa'),(995,'Puri','Orissa'),(996,'Rairangpur','Orissa'),(997,'Rajagangapur','Orissa'),(998,'Raurkela','Orissa'),(999,'Rayagada','Orissa'),(1000,'Sambalpur','Orissa'),(1001,'Soro','Orissa'),(1002,'Sunabeda','Orissa'),(1003,'Sundargarh','Orissa'),(1004,'Talcher','Orissa'),(1005,'Titlagarh','Orissa'),(1006,'Umarkote','Orissa'),(1007,'Karaikal','Pondicherry'),(1008,'Mahe','Pondicherry'),(1009,'Pondicherry','Pondicherry'),(1010,'Yanam','Pondicherry'),(1011,'Ahmedgarh','Punjab'),(1012,'Amritsar','Punjab'),(1013,'Barnala','Punjab'),(1014,'Batala','Punjab'),(1015,'Bathinda','Punjab'),(1016,'Bhagha Purana','Punjab'),(1017,'Budhlada','Punjab'),(1018,'Chandigarh','Punjab'),(1019,'Dasua','Punjab'),(1020,'Dhuri','Punjab'),(1021,'Dinanagar','Punjab'),(1022,'Faridkot','Punjab'),(1023,'Fazilka','Punjab'),(1024,'Firozpur','Punjab'),(1025,'Firozpur Cantt.','Punjab'),(1026,'Giddarbaha','Punjab'),(1027,'Gobindgarh','Punjab'),(1028,'Gurdaspur','Punjab'),(1029,'Hoshiarpur','Punjab'),(1030,'Jagraon','Punjab'),(1031,'Jaitu','Punjab'),(1032,'Jalalabad','Punjab'),(1033,'Jalandhar','Punjab'),(1034,'Jalandhar Cantt.','Punjab'),(1035,'Jandiala','Punjab'),(1036,'Kapurthala','Punjab'),(1037,'Karoran','Punjab'),(1038,'Kartarpur','Punjab'),(1039,'Khanna','Punjab'),(1040,'Kharar','Punjab'),(1041,'Kot Kapura','Punjab'),(1042,'Kurali','Punjab'),(1043,'Longowal','Punjab'),(1044,'Ludhiana','Punjab'),(1045,'Malerkotla','Punjab'),(1046,'Malout','Punjab'),(1047,'Mansa','Punjab'),(1048,'Maur','Punjab'),(1049,'Moga','Punjab'),(1050,'Mohali','Punjab'),(1051,'Morinda','Punjab'),(1052,'Mukerian','Punjab'),(1053,'Muktsar','Punjab'),(1054,'Nabha','Punjab'),(1055,'Nakodar','Punjab'),(1056,'Nangal','Punjab'),(1057,'Nawanshahr','Punjab'),(1058,'Pathankot','Punjab'),(1059,'Patiala','Punjab'),(1060,'Patran','Punjab'),(1061,'Patti','Punjab'),(1062,'Phagwara','Punjab'),(1063,'Phillaur','Punjab'),(1064,'Qadian','Punjab'),(1065,'Raikot','Punjab'),(1066,'Rajpura','Punjab'),(1067,'Rampura Phul','Punjab'),(1068,'Rupnagar','Punjab'),(1069,'Samana','Punjab'),(1070,'Sangrur','Punjab'),(1071,'Sirhind Fatehgarh Sahib','Punjab'),(1072,'Sujanpur','Punjab'),(1073,'Sunam','Punjab'),(1074,'Talwara','Punjab'),(1075,'Tarn Taran','Punjab'),(1076,'Urmar Tanda','Punjab'),(1077,'Zira','Punjab'),(1078,'Zirakpur','Punjab'),(1079,'Bali','Rajasthan'),(1080,'Banswara','Rajastan'),(1081,'Ajmer','Rajasthan'),(1082,'Alwar','Rajasthan'),(1083,'Bandikui','Rajasthan'),(1084,'Baran','Rajasthan'),(1085,'Barmer','Rajasthan'),(1086,'Bikaner','Rajasthan'),(1087,'Fatehpur','Rajasthan'),(1088,'Jaipur','Rajasthan'),(1089,'Jaisalmer','Rajasthan'),(1090,'Jodhpur','Rajasthan'),(1091,'Kota','Rajasthan'),(1092,'Lachhmangarh','Rajasthan'),(1093,'Ladnu','Rajasthan'),(1094,'Lakheri','Rajasthan'),(1095,'Lalsot','Rajasthan'),(1096,'Losal','Rajasthan'),(1097,'Makrana','Rajasthan'),(1098,'Malpura','Rajasthan'),(1099,'Mandalgarh','Rajasthan'),(1100,'Mandawa','Rajasthan'),(1101,'Mangrol','Rajasthan'),(1102,'Merta City','Rajasthan'),(1103,'Mount Abu','Rajasthan'),(1104,'Nadbai','Rajasthan'),(1105,'Nagar','Rajasthan'),(1106,'Nagaur','Rajasthan'),(1107,'Nargund','Rajasthan'),(1108,'Nasirabad','Rajasthan'),(1109,'Nathdwara','Rajasthan'),(1110,'Navalgund','Rajasthan'),(1111,'Nawalgarh','Rajasthan'),(1112,'Neem-Ka-Thana','Rajasthan'),(1113,'Nelamangala','Rajasthan'),(1114,'Nimbahera','Rajasthan'),(1115,'Nipani','Rajasthan'),(1116,'Niwai','Rajasthan'),(1117,'Nohar','Rajasthan'),(1118,'Nokha','Rajasthan'),(1119,'Pali','Rajasthan'),(1120,'Phalodi','Rajasthan'),(1121,'Phulera','Rajasthan'),(1122,'Pilani','Rajasthan'),(1123,'Pilibanga','Rajasthan'),(1124,'Pindwara','Rajasthan'),(1125,'Pipar City','Rajasthan'),(1126,'Prantij','Rajasthan'),(1127,'Pratapgarh','Rajasthan'),(1128,'Raisinghnagar','Rajasthan'),(1129,'Rajakhera','Rajasthan'),(1130,'Rajaldesar','Rajasthan'),(1131,'Rajgarh (Alwar)','Rajasthan'),(1132,'Rajgarh (Churu','Rajasthan'),(1133,'Rajsamand','Rajasthan'),(1134,'Ramganj Mandi','Rajasthan'),(1135,'Ramngarh','Rajasthan'),(1136,'Ratangarh','Rajasthan'),(1137,'Rawatbhata','Rajasthan'),(1138,'Rawatsar','Rajasthan'),(1139,'Reengus','Rajasthan'),(1140,'Sadri','Rajasthan'),(1141,'Sadulshahar','Rajasthan'),(1142,'Sagwara','Rajasthan'),(1143,'Sambhar','Rajasthan'),(1144,'Sanchore','Rajasthan'),(1145,'Sangaria','Rajasthan'),(1146,'Sardarshahar','Rajasthan'),(1147,'Sawai Madhopur','Rajasthan'),(1148,'Shahpura','Rajasthan'),(1149,'Shahpura','Rajasthan'),(1150,'Sheoganj','Rajasthan'),(1151,'Sikar','Rajasthan'),(1152,'Sirohi','Rajasthan'),(1153,'Sojat','Rajasthan'),(1154,'Sri Madhopur','Rajasthan'),(1155,'Sujangarh','Rajasthan'),(1156,'Sumerpur','Rajasthan'),(1157,'Suratgarh','Rajasthan'),(1158,'Taranagar','Rajasthan'),(1159,'Todabhim','Rajasthan'),(1160,'Todaraisingh','Rajasthan'),(1161,'Tonk','Rajasthan'),(1162,'Udaipur','Rajasthan'),(1163,'Udaipurwati','Rajasthan'),(1164,'Vijainagar','Rajasthan'),(1165,'Gangtok','Sikkim'),(1166,'Calcutta','West Bengal'),(1167,'Arakkonam','Tamil Nadu'),(1168,'Arcot','Tamil Nadu'),(1169,'Aruppukkottai','Tamil Nadu'),(1170,'Bhavani','Tamil Nadu'),(1171,'Chengalpattu','Tamil Nadu'),(1172,'Chennai','Tamil Nadu'),(1173,'Chinna salem','Tamil nadu'),(1174,'Coimbatore','Tamil Nadu'),(1175,'Coonoor','Tamil Nadu'),(1176,'Cuddalore','Tamil Nadu'),(1177,'Dharmapuri','Tamil Nadu'),(1178,'Dindigul','Tamil Nadu'),(1179,'Erode','Tamil Nadu'),(1180,'Gudalur','Tamil Nadu'),(1181,'Gudalur','Tamil Nadu'),(1182,'Gudalur','Tamil Nadu'),(1183,'Kanchipuram','Tamil Nadu'),(1184,'Karaikudi','Tamil Nadu'),(1185,'Karungal','Tamil Nadu'),(1186,'Karur','Tamil Nadu'),(1187,'Kollankodu','Tamil Nadu'),(1188,'Lalgudi','Tamil Nadu'),(1189,'Madurai','Tamil Nadu'),(1190,'Nagapattinam','Tamil Nadu'),(1191,'Nagercoil','Tamil Nadu'),(1192,'Namagiripettai','Tamil Nadu'),(1193,'Namakkal','Tamil Nadu'),(1194,'Nandivaram-Guduvancheri','Tamil Nadu'),(1195,'Nanjikottai','Tamil Nadu'),(1196,'Natham','Tamil Nadu'),(1197,'Nellikuppam','Tamil Nadu'),(1198,'Neyveli','Tamil Nadu'),(1199,'O\' Valley','Tamil Nadu'),(1200,'Oddanchatram','Tamil Nadu'),(1201,'P.N.Patti','Tamil Nadu'),(1202,'Pacode','Tamil Nadu'),(1203,'Padmanabhapuram','Tamil Nadu'),(1204,'Palani','Tamil Nadu'),(1205,'Palladam','Tamil Nadu'),(1206,'Pallapatti','Tamil Nadu'),(1207,'Pallikonda','Tamil Nadu'),(1208,'Panagudi','Tamil Nadu'),(1209,'Panruti','Tamil Nadu'),(1210,'Paramakudi','Tamil Nadu'),(1211,'Parangipettai','Tamil Nadu'),(1212,'Pattukkottai','Tamil Nadu'),(1213,'Perambalur','Tamil Nadu'),(1214,'Peravurani','Tamil Nadu'),(1215,'Periyakulam','Tamil Nadu'),(1216,'Periyasemur','Tamil Nadu'),(1217,'Pernampattu','Tamil Nadu'),(1218,'Pollachi','Tamil Nadu'),(1219,'Polur','Tamil Nadu'),(1220,'Ponneri','Tamil Nadu'),(1221,'Pudukkottai','Tamil Nadu'),(1222,'Pudupattinam','Tamil Nadu'),(1223,'Puliyankudi','Tamil Nadu'),(1224,'Punjaipugalur','Tamil Nadu'),(1225,'Rajapalayam','Tamil Nadu'),(1226,'Ramanathapuram','Tamil Nadu'),(1227,'Rameshwaram','Tamil Nadu'),(1228,'Rasipuram','Tamil Nadu'),(1229,'Salem','Tamil Nadu'),(1230,'Sankarankoil','Tamil Nadu'),(1231,'Sankari','Tamil Nadu'),(1232,'Sathyamangalam','Tamil Nadu'),(1233,'Sattur','Tamil Nadu'),(1234,'Shenkottai','Tamil Nadu'),(1235,'Sholavandan','Tamil Nadu'),(1236,'Sholingur','Tamil Nadu'),(1237,'Sirkali','Tamil Nadu'),(1238,'Sivaganga','Tamil Nadu'),(1239,'Sivagiri','Tamil Nadu'),(1240,'Sivakasi','Tamil Nadu'),(1241,'Srivilliputhur','Tamil Nadu'),(1242,'Surandai','Tamil Nadu'),(1243,'Suriyampalayam','Tamil Nadu'),(1244,'Tenkasi','Tamil Nadu'),(1245,'Thammampatti','Tamil Nadu'),(1246,'Thanjavur','Tamil Nadu'),(1247,'Tharamangalam','Tamil Nadu'),(1248,'Tharangambadi','Tamil Nadu'),(1249,'Theni Allinagaram','Tamil Nadu'),(1250,'Thirumangalam','Tamil Nadu'),(1251,'Thirunindravur','Tamil Nadu'),(1252,'Thiruparappu','Tamil Nadu'),(1253,'Thirupuvanam','Tamil Nadu'),(1254,'Thiruthuraipoondi','Tamil Nadu'),(1255,'Thiruvallur','Tamil Nadu'),(1256,'Thiruvarur','Tamil Nadu'),(1257,'Thoothukudi','Tamil Nadu'),(1258,'Thuraiyur','Tamil Nadu'),(1259,'Tindivanam','Tamil Nadu'),(1260,'Tiruchendur','Tamil Nadu'),(1261,'Tiruchengode','Tamil Nadu'),(1262,'Tiruchirappalli','Tamil Nadu'),(1263,'Tirukalukundram','Tamil Nadu'),(1264,'Tirukkoyilur','Tamil Nadu'),(1265,'Tirunelveli','Tamil Nadu'),(1266,'Tirupathur','Tamil Nadu'),(1267,'Tirupathur','Tamil Nadu'),(1268,'Tiruppur','Tamil Nadu'),(1269,'Tiruttani','Tamil Nadu'),(1270,'Tiruvannamalai','Tamil Nadu'),(1271,'Tiruvethipuram','Tamil Nadu'),(1272,'Tittakudi','Tamil Nadu'),(1273,'Udhagamandalam','Tamil Nadu'),(1274,'Udumalaipettai','Tamil Nadu'),(1275,'Unnamalaikadai','Tamil Nadu'),(1276,'Usilampatti','Tamil Nadu'),(1277,'Uthamapalayam','Tamil Nadu'),(1278,'Uthiramerur','Tamil Nadu'),(1279,'Vadakkuvalliyur','Tamil Nadu'),(1280,'Vadalur','Tamil Nadu'),(1281,'Vadipatti','Tamil Nadu'),(1282,'Valparai','Tamil Nadu'),(1283,'Vandavasi','Tamil Nadu'),(1284,'Vaniyambadi','Tamil Nadu'),(1285,'Vedaranyam','Tamil Nadu'),(1286,'Vellakoil','Tamil Nadu'),(1287,'Vellore','Tamil Nadu'),(1288,'Vikramasingapuram','Tamil Nadu'),(1289,'Viluppuram','Tamil Nadu'),(1290,'Virudhachalam','Tamil Nadu'),(1291,'Virudhunagar','Tamil Nadu'),(1292,'Viswanatham','Tamil Nadu'),(1293,'Agartala','Tripura'),(1294,'Badharghat','Tripura'),(1295,'Dharmanagar','Tripura'),(1296,'Indranagar','Tripura'),(1297,'Jogendranagar','Tripura'),(1298,'Kailasahar','Tripura'),(1299,'Khowai','Tripura'),(1300,'Pratapgarh','Tripura'),(1301,'Udaipur','Tripura'),(1302,'Achhnera','Uttar Pradesh'),(1303,'Adari','Uttar Pradesh'),(1304,'Agra','Uttar Pradesh'),(1305,'Aligarh','Uttar Pradesh'),(1306,'Allahabad','Uttar Pradesh'),(1307,'Amroha','Uttar Pradesh'),(1308,'Azamgarh','Uttar Pradesh'),(1309,'Bahraich','Uttar Pradesh'),(1310,'Ballia','Uttar Pradesh'),(1311,'Balrampur','Uttar Pradesh'),(1312,'Banda','Uttar Pradesh'),(1313,'Bareilly','Uttar Pradesh'),(1314,'Chandausi','Uttar Pradesh'),(1315,'Dadri','Uttar Pradesh'),(1316,'Deoria','Uttar Pradesh'),(1317,'Etawah','Uttar Pradesh'),(1318,'Fatehabad','Uttar Pradesh'),(1319,'Fatehpur','Uttar Pradesh'),(1320,'Fatehpur','Uttar Pradesh'),(1321,'Greater Noida','Uttar Pradesh'),(1322,'Hamirpur','Uttar Pradesh'),(1323,'Hardoi','Uttar Pradesh'),(1324,'Jajmau','Uttar Pradesh'),(1325,'Jaunpur','Uttar Pradesh'),(1326,'Jhansi','Uttar Pradesh'),(1327,'Kalpi','Uttar Pradesh'),(1328,'Kanpur','Uttar Pradesh'),(1329,'Kota','Uttar Pradesh'),(1330,'Laharpur','Uttar Pradesh'),(1331,'Lakhimpur','Uttar Pradesh'),(1332,'Lal Gopalganj Nindaura','Uttar Pradesh'),(1333,'Lalganj','Uttar Pradesh'),(1334,'Lalitpur','Uttar Pradesh'),(1335,'Lar','Uttar Pradesh'),(1336,'Loni','Uttar Pradesh'),(1337,'Lucknow','Uttar Pradesh'),(1338,'Mathura','Uttar Pradesh'),(1339,'Meerut','Uttar Pradesh'),(1340,'Modinagar','Uttar Pradesh'),(1341,'Muradnagar','Uttar Pradesh'),(1342,'Nagina','Uttar Pradesh'),(1343,'Najibabad','Uttar Pradesh'),(1344,'Nakur','Uttar Pradesh'),(1345,'Nanpara','Uttar Pradesh'),(1346,'Naraura','Uttar Pradesh'),(1347,'Naugawan Sadat','Uttar Pradesh'),(1348,'Nautanwa','Uttar Pradesh'),(1349,'Nawabganj','Uttar Pradesh'),(1350,'Nehtaur','Uttar Pradesh'),(1351,'NOIDA','Uttar Pradesh'),(1352,'Noorpur','Uttar Pradesh'),(1353,'Obra','Uttar Pradesh'),(1354,'Orai','Uttar Pradesh'),(1355,'Padrauna','Uttar Pradesh'),(1356,'Palia Kalan','Uttar Pradesh'),(1357,'Parasi','Uttar Pradesh'),(1358,'Phulpur','Uttar Pradesh'),(1359,'Pihani','Uttar Pradesh'),(1360,'Pilibhit','Uttar Pradesh'),(1361,'Pilkhuwa','Uttar Pradesh'),(1362,'Powayan','Uttar Pradesh'),(1363,'Pukhrayan','Uttar Pradesh'),(1364,'Puranpur','Uttar Pradesh'),(1365,'Purquazi','Uttar Pradesh'),(1366,'Purwa','Uttar Pradesh'),(1367,'Rae Bareli','Uttar Pradesh'),(1368,'Rampur','Uttar Pradesh'),(1369,'Rampur Maniharan','Uttar Pradesh'),(1370,'Rasra','Uttar Pradesh'),(1371,'Rath','Uttar Pradesh'),(1372,'Renukoot','Uttar Pradesh'),(1373,'Reoti','Uttar Pradesh'),(1374,'Robertsganj','Uttar Pradesh'),(1375,'Rudauli','Uttar Pradesh'),(1376,'Rudrapur','Uttar Pradesh'),(1377,'Sadabad','Uttar Pradesh'),(1378,'Safipur','Uttar Pradesh'),(1379,'Saharanpur','Uttar Pradesh'),(1380,'Sahaspur','Uttar Pradesh'),(1381,'Sahaswan','Uttar Pradesh'),(1382,'Sahawar','Uttar Pradesh'),(1383,'Sahjanwa','Uttar Pradesh'),(1384,'Saidpur',' Ghazipur'),(1385,'Sambhal','Uttar Pradesh'),(1386,'Samdhan','Uttar Pradesh'),(1387,'Samthar','Uttar Pradesh'),(1388,'Sandi','Uttar Pradesh'),(1389,'Sandila','Uttar Pradesh'),(1390,'Sardhana','Uttar Pradesh'),(1391,'Seohara','Uttar Pradesh'),(1392,'Shahabad',' Hardoi'),(1393,'Shahabad',' Rampur'),(1394,'Shahganj','Uttar Pradesh'),(1395,'Shahjahanpur','Uttar Pradesh'),(1396,'Shamli','Uttar Pradesh'),(1397,'Shamsabad',' Agra'),(1398,'Shamsabad',' Farrukhabad'),(1399,'Sherkot','Uttar Pradesh'),(1400,'Shikarpur',' Bulandshahr'),(1401,'Shikohabad','Uttar Pradesh'),(1402,'Shishgarh','Uttar Pradesh'),(1403,'Siana','Uttar Pradesh'),(1404,'Sikanderpur','Uttar Pradesh'),(1405,'Sikandra Rao','Uttar Pradesh'),(1406,'Sikandrabad','Uttar Pradesh'),(1407,'Sirsaganj','Uttar Pradesh'),(1408,'Sirsi','Uttar Pradesh'),(1409,'Sitapur','Uttar Pradesh'),(1410,'Soron','Uttar Pradesh'),(1411,'Suar','Uttar Pradesh'),(1412,'Sultanpur','Uttar Pradesh'),(1413,'Sumerpur','Uttar Pradesh'),(1414,'Tanda','Uttar Pradesh'),(1415,'Tanda','Uttar Pradesh'),(1416,'Tetri Bazar','Uttar Pradesh'),(1417,'Thakurdwara','Uttar Pradesh'),(1418,'Thana Bhawan','Uttar Pradesh'),(1419,'Tilhar','Uttar Pradesh'),(1420,'Tirwaganj','Uttar Pradesh'),(1421,'Tulsipur','Uttar Pradesh'),(1422,'Tundla','Uttar Pradesh'),(1423,'Unnao','Uttar Pradesh'),(1424,'Utraula','Uttar Pradesh'),(1425,'Varanasi','Uttar Pradesh'),(1426,'Vrindavan','Uttar Pradesh'),(1427,'Warhapur','Uttar Pradesh'),(1428,'Zaidpur','Uttar Pradesh'),(1429,'Zamania','Uttar Pradesh'),(1430,'Almora','Uttarakhand'),(1431,'Bazpur','Uttarakhand'),(1432,'Chamba','Uttarakhand'),(1433,'Dehradun','Uttarakhand'),(1434,'Haldwani','Uttarakhand'),(1435,'Haridwar','Uttarakhand'),(1436,'Jaspur','Uttarakhand'),(1437,'Kashipur','Uttarakhand'),(1438,'kichha','Uttarakhand'),(1439,'Kotdwara','Uttarakhand'),(1440,'Manglaur','Uttarakhand'),(1441,'Mussoorie','Uttarakhand'),(1442,'Nagla','Uttarakhand'),(1443,'Nainital','Uttarakhand'),(1444,'Pauri','Uttarakhand'),(1445,'Pithoragarh','Uttarakhand'),(1446,'Ramnagar','Uttarakhand'),(1447,'Rishikesh','Uttarakhand'),(1448,'Roorkee','Uttarakhand'),(1449,'Rudrapur','Uttarakhand'),(1450,'Sitarganj','Uttarakhand'),(1451,'Tehri','Uttarakhand'),(1452,'Muzaffarnagar','Uttar Pradesh'),(1453,'Adra',' Purulia'),(1454,'Alipurduar','West Bengal'),(1455,'Arambagh','West Bengal'),(1456,'Asansol','West Bengal'),(1457,'Baharampur','West Bengal'),(1458,'Bally','West Bengal'),(1459,'Balurghat','West Bengal'),(1460,'Bankura','West Bengal'),(1461,'Barakar','West Bengal'),(1462,'Barasat','West Bengal'),(1463,'Bardhaman','West Bengal'),(1464,'Bidhan Nagar','West Bengal'),(1465,'Chinsura','West Bengal'),(1466,'Contai','West Bengal'),(1467,'Cooch Behar','West Bengal'),(1468,'Darjeeling','West Bengal'),(1469,'Durgapur','West Bengal'),(1470,'Haldia','West Bengal'),(1471,'Howrah','West Bengal'),(1472,'Islampur','West Bengal'),(1473,'Jhargram','West Bengal'),(1474,'Kharagpur','West Bengal'),(1475,'Kolkata','West Bengal'),(1476,'Mainaguri','West Bengal'),(1477,'Mal','West Bengal'),(1478,'Mathabhanga','West Bengal'),(1479,'Medinipur','West Bengal'),(1480,'Memari','West Bengal'),(1481,'Monoharpur','West Bengal'),(1482,'Murshidabad','West Bengal'),(1483,'Nabadwip','West Bengal'),(1484,'Naihati','West Bengal'),(1485,'Panchla','West Bengal'),(1486,'Pandua','West Bengal'),(1487,'Paschim Punropara','West Bengal'),(1488,'Purulia','West Bengal'),(1489,'Raghunathpur','West Bengal'),(1490,'Raiganj','West Bengal'),(1491,'Rampurhat','West Bengal'),(1492,'Ranaghat','West Bengal'),(1493,'Sainthia','West Bengal'),(1494,'Santipur','West Bengal'),(1495,'Siliguri','West Bengal'),(1496,'Sonamukhi','West Bengal'),(1497,'Srirampore','West Bengal'),(1498,'Suri','West Bengal'),(1499,'Taki','West Bengal'),(1500,'Tamluk','West Bengal'),(1501,'Tarakeswar','West Bengal'),(1502,'Chikmagalur','Karnataka'),(1503,'Davanagere','Karnataka'),(1504,'Dharwad','Karnataka'),(1505,'Gadag','Karnataka'),(1506,'Chennai','Tamil Nadu'),(1507,'Coimbatore','Tamil Nadu');
/*!40000 ALTER TABLE `city` ENABLE KEYS */;
UNLOCK TABLES;

--
-- Table structure for table `customer_data`
--

DROP TABLE IF EXISTS `customer_data`;
/*!40101 SET @saved_cs_client     = @@character_set_client */;
/*!40101 SET character_set_client = utf8 */;
CREATE TABLE `customer_data` (
  `id` int(11) NOT NULL AUTO_INCREMENT,
  `city_id` int(11) DEFAULT NULL,
  `category_id` int(11) DEFAULT NULL,
  `subcategory_id` int(11) DEFAULT NULL,
  `company` varchar(250) DEFAULT NULL,
  `address` varchar(250) DEFAULT NULL,
  `mobile` varchar(50) DEFAULT NULL,
  `phone` varchar(50) DEFAULT NULL,
  `active` tinyint(4) DEFAULT NULL,
  `img` varchar(50) DEFAULT NULL,
  `geolocation` varchar(50) DEFAULT NULL,
  `hits` int(11) DEFAULT '0',
  `likes` int(11) DEFAULT '0',
  `dislikes` int(11) DEFAULT '0',
  `priority` int(11) DEFAULT '0',
  PRIMARY KEY (`id`),
  KEY `FK__city` (`city_id`),
  KEY `FK__sub_category_2` (`category_id`),
  KEY `FK__sub_category` (`subcategory_id`),
  CONSTRAINT `FK__city` FOREIGN KEY (`city_id`) REFERENCES `city` (`id`),
  CONSTRAINT `FK__sub_category` FOREIGN KEY (`subcategory_id`) REFERENCES `sub_category` (`id`),
  CONSTRAINT `FK__sub_category_2` FOREIGN KEY (`category_id`) REFERENCES `sub_category` (`cat_id`)
) ENGINE=InnoDB AUTO_INCREMENT=3555 DEFAULT CHARSET=latin1;
/*!40101 SET character_set_client = @saved_cs_client */;

--
-- Dumping data for table `customer_data`
--

LOCK TABLES `customer_data` WRITE;
/*!40000 ALTER TABLE `customer_data` DISABLE KEYS */;
INSERT INTO `customer_data` VALUES (3213,549,2,1,'AC Hi-Tech','#518, 24th main, sector-2, HSR Layout,','8022580257',NULL,NULL,NULL,NULL,0,16,13,3),(3214,549,2,1,'Aura Music Studio  Academy','2rd Floor, Kristal Jasper Commercial Complex, Central Jail Road, Survey No. 86, Kasavanahalli','7337700444',NULL,NULL,NULL,NULL,0,4,0,3),(3215,549,2,1,'Cool Plus','1st Cross, 3rd Main, Agara Post, Sarjapura Road','8025747025',NULL,NULL,NULL,NULL,0,18,3,15),(3216,549,2,1,'Hi-Tech Air conditioning','5th Cross Road, 504, 24th Main Rd','8861883527',NULL,NULL,NULL,NULL,0,13,6,4),(3217,549,2,1,'Sunil air cantrol','090366 33698','9036633698',NULL,NULL,NULL,NULL,0,7,3,4),(3218,549,2,2,'A M Furniture','#15/3, Opp Ocian Manoda Apt, Sajapur Road, Amritha Collage Road, Kasavanahalli','9008324967',NULL,NULL,NULL,NULL,0,0,0,0),(3219,549,2,2,'D.M Handloom House','Bellandur Post, #177, Main Road','9035175269',NULL,NULL,NULL,NULL,0,0,0,0),(3220,549,2,2,'George  George - Your Furniture Destination','#1, Opp, Green Junction Bar, Kasavanahalli Main Road','9620273983',NULL,NULL,NULL,NULL,0,0,0,0),(3221,549,2,2,'New Model Furnishing','No.320, Behind Chennakeshava Temple, Sarjapur Main Road, Kaikondrahalli','8105924977',NULL,NULL,NULL,NULL,0,0,0,0),(3222,549,2,2,'Shree Sai Handloom','#1,Tulasi Layout,, Kasavanahalli,, Opp.La casa Restaurant,, South Indian Bank ATM Basement,','9916634029',NULL,NULL,NULL,NULL,0,0,0,0),(3223,549,2,3,'Abhi Civil Management and Solutions','210.0 m  642/1, Choodasandra, Opposite MJ Infrastructure, Near Notre Dame Academy, Central Jail Road','9916302763',NULL,NULL,NULL,NULL,0,0,0,0),(3224,549,2,3,'Dinesh Enterprises','Tulsi Layout, Sri Matha, Amruthamai College Main Road, Kasavanahalli','9590342063',NULL,NULL,NULL,NULL,0,0,0,0),(3225,549,2,3,'Lakshmi Electricals','14, 4th Main Rd','7259325117',NULL,NULL,NULL,NULL,0,0,0,0),(3226,549,2,3,'Rk Electricals service','871/1shop no 5, near play arena, 56003, Off Sarjapur Rd','9731457491',NULL,NULL,NULL,NULL,0,0,0,0),(3227,549,2,5,'Adishwar Electro World','16, Sarjapur Main Rd','8042038987',NULL,NULL,NULL,NULL,0,0,0,0),(3228,549,2,5,'Geetha Electronics','Hosa Rd','8050836463',NULL,NULL,NULL,NULL,0,0,0,0),(3229,549,2,5,'Mahalakshmi Electricals and electronics','15/3, Opp brs global school, Hosa Rd','7411858509',NULL,NULL,NULL,NULL,0,0,0,0),(3230,549,2,5,'Pai International Electronics Ltd','71/A, Sarjapur Main Rd','8042096868',NULL,NULL,NULL,NULL,0,0,0,0),(3231,549,2,5,'Raj Kamal Electrical','87, Hosa Rd','9886428232',NULL,NULL,NULL,NULL,0,0,0,0),(3232,549,2,5,'SMS Auto Electricals Works','097311 77064','9731177064',NULL,NULL,NULL,NULL,0,0,0,0),(3233,549,2,5,'Tech Zone','Hosa Rd','8041527726',NULL,NULL,NULL,NULL,0,0,0,0),(3234,549,2,5,'ambe maa electricals  electronics','4, Opp Reliance digital Showroom, Sarjapur Main Rd','9845763832',NULL,NULL,NULL,NULL,0,0,0,0),(3235,549,2,6,'Gapoon','Bengaluru, Karnataka','8105826091',NULL,NULL,NULL,NULL,0,0,0,0),(3236,549,2,6,'Innovate Plumbing Producst Private Limited','Bengaluru, Karnataka','8028476286',NULL,NULL,NULL,NULL,0,0,0,0),(3237,549,2,6,'Maruthi Home Solution','Bengaluru, Karnataka','9008072542',NULL,NULL,NULL,NULL,0,0,0,0),(3238,549,2,6,'Multi Designs','Bengaluru, Karnataka','8022205626',NULL,NULL,NULL,NULL,0,0,0,0),(3239,549,2,6,'My Plumbing Services','Bengaluru, Karnataka','8884496979',NULL,NULL,NULL,NULL,0,0,0,0),(3240,549,2,6,'OTJ247','Bengaluru, Karnataka','8004259977',NULL,NULL,NULL,NULL,0,0,0,0),(3241,549,2,6,'Plumbing Worker Bangalore','Bengaluru, Karnataka','7795160730',NULL,NULL,NULL,NULL,0,0,0,0),(3242,549,2,6,'REPLAD','Bengaluru, Karnataka','8431199005',NULL,NULL,NULL,NULL,0,0,0,0),(3243,549,2,6,'Rajendra Plumbing Works','Bengaluru, Karnataka','9880308275',NULL,NULL,NULL,NULL,0,0,0,0),(3244,549,2,6,'Sri Lakshmi Venkata Ganapathi Plumbing Works','Bengaluru, Karnataka','7019237690',NULL,NULL,NULL,NULL,0,0,0,0),(3245,549,2,6,'Sri Manikanta Plumbing  Sanitary Works','Bengaluru, Karnataka','9945887472',NULL,NULL,NULL,NULL,0,0,0,0),(3246,549,2,6,'Sumukha Electricalelectronics Plumbing WaterPurifier Home Appliances Tv Repair Service','Bengaluru, Karnataka','9880551680',NULL,NULL,NULL,NULL,0,0,0,0),(3247,549,2,6,'U K Plumbing Works','Bengaluru, Karnataka','9886256896',NULL,NULL,NULL,NULL,0,0,0,0),(3248,549,2,8,'All kind of Penter tile Eletronic','Bengaluru, Karnataka','7019624945',NULL,NULL,NULL,NULL,0,0,0,0),(3249,549,2,8,'CARPENTER PAINTING INTERIORS contractors in Bangalore','Bengaluru, Karnataka','8050805151',NULL,NULL,NULL,NULL,0,0,0,0),(3250,549,2,8,'Carpenter Shop','Bengaluru, Karnataka','7996602525',NULL,NULL,NULL,NULL,0,0,0,0),(3251,549,2,8,'Confinova - A Confident Innovation Design Company','Bengaluru, Karnataka','7259950785',NULL,NULL,NULL,NULL,0,0,0,0),(3252,549,2,8,'Gapoon','Bengaluru, Karnataka','8105826091',NULL,NULL,NULL,NULL,0,0,0,0),(3253,549,2,8,'Grace Carpenter Works','Bengaluru, Karnataka','9343941912',NULL,NULL,NULL,NULL,0,0,0,0),(3254,549,2,8,'HomeTriangle - Home Services','Bengaluru, Karnataka','7676000100',NULL,NULL,NULL,NULL,0,0,0,0),(3255,549,2,8,'Kamal Carpenter','Bengaluru, Karnataka','9036309309',NULL,NULL,NULL,NULL,0,0,0,0),(3256,549,2,8,'Modular Kitchen,Wardrobe Designers and interior Decorator , carpentry  painting contractor','Bengaluru, Karnataka','9740805011',NULL,NULL,NULL,NULL,0,0,0,0),(3257,549,2,8,'Modular kitchen wardrobe home interiors All Interior decorator In Bangalore','Bengaluru, Karnataka','9740805011',NULL,NULL,NULL,NULL,0,0,0,0),(3258,549,2,8,'RAZA INTERIORS','Bengaluru, Karnataka','9900380679',NULL,NULL,NULL,NULL,0,0,0,0),(3259,549,2,8,'Sri Devi Wood Works','Bengaluru, Karnataka','9448473915',NULL,NULL,NULL,NULL,0,0,0,0),(3260,549,2,8,'sharma furnishings','Bengaluru, Karnataka','9686933958',NULL,NULL,NULL,NULL,0,0,0,0),(3261,549,3,10,'ASIAN TIMES  ELECTRONICS','Bengaluru, Karnataka','9886139324',NULL,NULL,NULL,NULL,0,0,0,0),(3262,549,3,10,'Alpha Watch Works','Bengaluru, Karnataka','9448205618',NULL,NULL,NULL,NULL,0,0,0,0),(3263,549,3,10,'Bangalore times','Bengaluru, Karnataka','9900898908',NULL,NULL,NULL,NULL,0,0,0,0),(3264,549,3,10,'Deluxe Power Tools','Bengaluru, Karnataka','7349181967',NULL,NULL,NULL,NULL,0,0,0,0),(3265,549,3,10,'HANU WATCH WORKS','Bengaluru, Karnataka','9986223551',NULL,NULL,NULL,NULL,0,0,0,0),(3266,549,3,10,'N.R. Times','Bengaluru, Karnataka','7204503998',NULL,NULL,NULL,NULL,0,0,0,0),(3267,549,3,10,'New City Times','Bengaluru, Karnataka','9972280330',NULL,NULL,NULL,NULL,0,0,0,0),(3268,549,3,10,'S.N times Sale and service','Bengaluru, Karnataka','9148233920',NULL,NULL,NULL,NULL,0,0,0,0),(3269,549,3,10,'Sri Hanu Watch Works  Mobile Center','Bengaluru, Karnataka','9986223551',NULL,NULL,NULL,NULL,0,0,0,0),(3270,549,3,10,'Sri Padmasri Watch Centre','Bengaluru, Karnataka','9008185553',NULL,NULL,NULL,NULL,0,0,0,0),(3271,549,3,10,'Sun Times Watch Repair Shop (Just Below Skywalk)','Bengaluru, Karnataka','9741008030',NULL,NULL,NULL,NULL,0,0,0,0),(3272,549,3,10,'Time Shop','Bengaluru, Karnataka','8553665564',NULL,NULL,NULL,NULL,0,0,0,0),(3273,549,3,10,'Time Square','Time Square','8041611990',NULL,NULL,NULL,NULL,0,0,0,0),(3274,549,3,10,'Titan Watch Center','Bengaluru, Karnataka','9880582327',NULL,NULL,NULL,NULL,0,0,0,0),(3275,549,3,10,'Unity Times','Banglore, Karnataka','7411195519',NULL,NULL,NULL,NULL,0,0,0,0),(3276,549,3,10,'praveen times','Bengaluru, Karnataka','9742485308',NULL,NULL,NULL,NULL,0,0,0,0),(3277,549,3,10,'shobha watch works','Bengaluru, Karnataka','9449347593',NULL,NULL,NULL,NULL,0,0,0,0),(3278,549,3,10,'star times  opticals Footwear  assam Tea Centre','Bengaluru, Karnataka','9886618236',NULL,NULL,NULL,NULL,0,0,0,0),(3279,549,3,11,'Acme Computers','Sarjapur Main Rd','8042032722',NULL,NULL,NULL,NULL,0,0,0,0),(3280,549,3,11,'Asus mobile service centre','#71. Kaikondrahalli, next to Bata showroom, Sajapur, Dr Rajgopal Rd','7411397889',NULL,NULL,NULL,NULL,0,0,0,0),(3281,549,3,11,'Balaji Laptop Service','202 TR Greens Apts Owners Court East, Kasavanahalli,, Sarjapura Central Jail Road, Near Amritha collage','9741187855',NULL,NULL,NULL,NULL,0,0,0,0),(3282,549,3,11,'Fix The Device','#10/4 Ambalipura, Bellandur gate, Sarjapur Road next to Big Bazaar','9986263040',NULL,NULL,NULL,NULL,0,0,0,0),(3283,549,3,11,'Habits Systems','#17/1, ARE complex, ambalipura, bellandur gate road, behind AKME, harmony apt.','9731455281',NULL,NULL,NULL,NULL,0,0,0,0),(3284,549,3,11,'M.S.R. Technologies','No. 93/5A, Shop No. 6, 1st Floor, Near Home Town, Marathahalli - Sarjapur Outer Ring Rd','8042170363',NULL,NULL,NULL,NULL,0,0,0,0),(3285,549,3,11,'MMI COMPUTERS SERVICE','#15/A Central Jail Road,, OPP OCEANUS MONARDA APTS,, Kasavanahalli','9036578693',NULL,NULL,NULL,NULL,0,0,0,0),(3286,549,3,11,'Tech Garage','Hosa Rd','8041527726',NULL,NULL,NULL,NULL,0,0,0,0),(3287,549,3,11,'Totoodo','#147, Near Sri Amrita Kripa Bakery, Sarjapur Main Road, Kaikondrahalli','8048667162',NULL,NULL,NULL,NULL,0,0,0,0),(3288,549,3,11,'computer Store','#7, 1st Floor, Amrita College Road, Opp Last Casa Hotel, Kasavanahalli','9986979600',NULL,NULL,NULL,NULL,0,0,0,0),(3289,549,3,12,'Automovill - Car Repair and Service','587, 18th Cross Rd','7353600400',NULL,NULL,NULL,NULL,0,0,0,0),(3290,549,3,12,'HTC service centre in Bangalore','#779.1st floor. Shop no 71, near SBI Bank. Opposite to Vodafone store, Sarjapur Main Rd','8048145307',NULL,NULL,NULL,NULL,0,0,0,0),(3291,549,3,12,'KODAK EXPRESS','Sarjapur Main Rd','9591812704',NULL,NULL,NULL,NULL,0,0,0,0),(3292,549,3,12,'LG Mobile Service Center Bangalore','Ittina Souparnika Road','7026604422',NULL,NULL,NULL,NULL,0,0,0,0),(3293,549,3,12,'MMI COMPUTERS SERVICE','#15/A Central Jail Road,, OPP OCEANUS MONARDA APTS,, Kasavanahalli','9036578693',NULL,NULL,NULL,NULL,0,0,0,0),(3294,549,3,12,'Mata Electronics','86, 1st Floor, Near-Balaji Complex, S P Road','9035871324',NULL,NULL,NULL,NULL,0,0,0,0),(3295,549,3,12,'Motorola Mobile Service Center Sarjapur Road Bangalore','Hosa Rd','7026607543',NULL,NULL,NULL,NULL,0,0,0,0),(3296,549,3,12,'Motorola Service Centre','71, 779, 1G2, Sarjapur Main Rd','8095061738',NULL,NULL,NULL,NULL,0,0,0,0),(3297,549,3,12,'Portrait Studio','Off Kasavanahalli Main Road,, Off Kasavanahalli Main Road, Norbert Church Rd','6329042490',NULL,NULL,NULL,NULL,0,0,0,0),(3298,549,3,12,'R K Digital Studio  Video','Sarjapur Main Road, Near-Sprinng Field Aprt, Bellandur','8971536822',NULL,NULL,NULL,NULL,0,0,0,0),(3299,549,3,12,'Totoodo','#147, Near Sri Amrita Kripa Bakery, Sarjapur Main Road, Kaikondrahalli','8048667162',NULL,NULL,NULL,NULL,0,0,0,0),(3300,549,3,13,'Acme Computers','Sarjapur Main Rd','8042032722',NULL,NULL,NULL,NULL,0,0,0,0),(3301,549,3,13,'Aishwi Info Systems','Hosa Rd','9739434733',NULL,NULL,NULL,NULL,0,0,0,0),(3302,549,3,13,'Asus Service Center Sarjapur Road Bangalore','Junnasandra Road','7026607543',NULL,NULL,NULL,NULL,0,0,0,0),(3303,549,3,13,'Automovill - Car Repair and Service','587, 18th Cross Rd','7353600400',NULL,NULL,NULL,NULL,0,0,0,0),(3304,549,3,13,'Balaji Laptop Service','202 TR Greens Apts Owners Court East, Kasavanahalli,, Sarjapura Central Jail Road, Near Amritha collage','9741187855',NULL,NULL,NULL,NULL,0,0,0,0),(3305,549,3,13,'Fix The Device','#10/4 Ambalipura, Bellandur gate, Sarjapur Road next to Big Bazaar','9986263040',NULL,NULL,NULL,NULL,0,0,0,0),(3306,549,3,13,'Gama Technologies Pvt. Ltd.','# 103, Anusuya Building, OPP.ST.Peter\'s School, Kaikondanahalli, sarjapur Road, Carmelaram Post','8048668444',NULL,NULL,NULL,NULL,0,0,0,0),(3307,549,3,13,'HTC service centre in Bangalore','#779.1st floor. Shop no 71, near SBI Bank. Opposite to Vodafone store, Sarjapur Main Rd','8048145307',NULL,NULL,NULL,NULL,0,0,0,0),(3308,549,3,13,'Habits Systems','#17/1, ARE complex, ambalipura, bellandur gate road, behind AKME, harmony apt.','9731455281',NULL,NULL,NULL,NULL,0,0,0,0),(3309,549,3,13,'LG Mobile Service Center Bangalore','Ittina Souparnika Road','7026604422',NULL,NULL,NULL,NULL,0,0,0,0),(3310,549,3,13,'MMI COMPUTERS SERVICE','#15/A Central Jail Road,, OPP OCEANUS MONARDA APTS,, Kasavanahalli','9036578693',NULL,NULL,NULL,NULL,0,0,0,0),(3311,549,3,13,'Naveen Computers','Shop No. 35/1, Sarjapur Main Rd','9845657171',NULL,NULL,NULL,NULL,0,0,0,0),(3312,549,3,13,'Tech Garage','Hosa Rd','8041527726',NULL,NULL,NULL,NULL,0,0,0,0),(3313,549,3,13,'Totoodo','#147, Near Sri Amrita Kripa Bakery, Sarjapur Main Road, Kaikondrahalli','8048667162',NULL,NULL,NULL,NULL,0,0,0,0),(3314,549,3,13,'Turbo Tech Computers','Halanayakanahalli, Gramapanchayathi, Kodandarama nagara 1st Main, 14th Cross','9900952009',NULL,NULL,NULL,NULL,0,0,0,0),(3315,549,3,13,'computer Store','#7, 1st Floor, Amrita College Road, Opp Last Casa Hotel, Kasavanahalli','9986979600',NULL,NULL,NULL,NULL,0,0,0,0),(3316,549,3,16,'Prestige Smart Kitchen','Door No 147, Shop No-5, Sarojamma Complex, Opp Kaikondrahalli Bus Stop, Sarjapur Road, Carmelaram Post','8042038646',NULL,NULL,NULL,NULL,0,0,0,0),(3317,549,3,17,'A M Furniture','#15/3, Opp Ocian Manoda Apt, Sajapur Road, Amritha Collage Road, Kasavanahalli','9008324967',NULL,NULL,NULL,NULL,0,0,0,0),(3318,549,3,17,'Consort Furniture','Sarjapur Main Rd','9731185001',NULL,NULL,NULL,NULL,0,0,0,0),(3319,549,3,17,'Fix The Device','#10/4 Ambalipura, Bellandur gate, Sarjapur Road next to Big Bazaar','9986263040',NULL,NULL,NULL,NULL,0,0,0,0),(3320,549,3,17,'Hindustan Furnishing  Furniture','# 71/1G1, Kaikundrahalli, Near, Salarpuria Sanctity, Sarjapur Main Road','8042189900',NULL,NULL,NULL,NULL,0,0,0,0),(3321,549,3,17,'Hindustan Furnishing and Furniture','099015 99011','9901599011',NULL,NULL,NULL,NULL,0,0,0,0),(3322,549,3,17,'Homestudio','Deline Living (India) Pvt. Ltd. #1000, 1st Floor, Bren Mercury, Sarjapur Main Rd','9900058326',NULL,NULL,NULL,NULL,0,0,0,0),(3323,549,3,17,'Jangir Decor','No 12/13/14, 1st Floor, Opp Bhuvana Greens, Centrel jail road,, kasavanahalli, sarjapur road cross, Bellandur post','9379060796',NULL,NULL,NULL,NULL,0,0,0,0),(3324,549,3,17,'Jangir Decor','No.12/13/14, Opp.BRS School, central jail road,, Kasavanahalli, Bellandur Post','9379060796',NULL,NULL,NULL,NULL,0,0,0,0),(3325,549,3,17,'MMI COMPUTERS SERVICE','#15/A Central Jail Road,, OPP OCEANUS MONARDA APTS,, Kasavanahalli','9036578693',NULL,NULL,NULL,NULL,0,0,0,0),(3326,549,3,17,'New Model Furnishing','No.320, Behind Chennakeshava Temple, Sarjapur Main Road, Kaikondrahalli','8105924977',NULL,NULL,NULL,NULL,0,0,0,0),(3327,549,3,17,'Pleasant Designs Furniture','65/1A, Benaka Complex, Sarjapur Main Rd','9886152824',NULL,NULL,NULL,NULL,0,0,0,0),(3328,549,3,9,'Apple iPhone Service Center','No 304, Saketh Paradise, Owners Court Layout Rd','7026604425',NULL,NULL,NULL,NULL,0,0,0,0),(3329,549,3,9,'Asus Service Center Sarjapur Road Bangalore','Junnasandra Road','7026607543',NULL,NULL,NULL,NULL,0,0,0,0),(3330,549,3,9,'Asus mobile service centre','#71. Kaikondrahalli, next to Bata showroom, Sajapur, Dr Rajgopal Rd','7411397889',NULL,NULL,NULL,NULL,0,0,0,0),(3331,549,3,9,'Coolpad Service center Sarjapur Road Bangalore','Kasavanahalli ????????? ,NEXT TO BATA SHOWROOM','7026604422',NULL,NULL,NULL,NULL,0,0,0,0),(3332,549,3,9,'HTC service centre in Bangalore','#779.1st floor. Shop no 71, near SBI Bank. Opposite to Vodafone store, Sarjapur Main Rd','8048145307',NULL,NULL,NULL,NULL,0,0,0,0),(3333,549,3,9,'Huawei Service Centre Bangalore','No.779/1.1st floor, next to Bata showroom, Sarjapur Main Rd','8095061738',NULL,NULL,NULL,NULL,0,0,0,0),(3334,549,3,9,'LG Mobile Service Center Bangalore','Ittina Souparnika Road','7026604422',NULL,NULL,NULL,NULL,0,0,0,0),(3335,549,3,9,'Mobile Point','#26, Opp Total mall, Bellandur gate, Sarjapur Main Road','8042163078',NULL,NULL,NULL,NULL,0,0,0,0),(3336,549,3,9,'Mobile Point','Sarjapuara Main Road, Near-A LT College, Bellandur','8042163078',NULL,NULL,NULL,NULL,0,0,0,0),(3337,549,3,9,'Motorola Mobile Service Center Sarjapur Road Bangalore','Hosa Rd','7026607543',NULL,NULL,NULL,NULL,0,0,0,0),(3338,549,3,9,'Oneplus Mobile Service Center sarjapur Road Bangalore','147, Sarjapur Main Rd','7026604425',NULL,NULL,NULL,NULL,0,0,0,0),(3339,549,3,9,'S.R.D mobile store','#1, Near Sri Ganesha Temple Circle, C.K.Nagar, Hosur Road','9739881143',NULL,NULL,NULL,NULL,0,0,0,0),(3340,549,3,9,'SLV Mobile Point  Digital Studio  Video','Opposite Kabab mandra, Kaikondrahalli, Sarjapur Main Road','7411556643',NULL,NULL,NULL,NULL,0,0,0,0),(3341,549,3,9,'Smart Accessories  Services','#F 71A, 293, Sarjapur Main Rd','9844688485',NULL,NULL,NULL,NULL,0,0,0,0),(3342,549,3,9,'Sri Venkateshwara Mobile Point','Opp. Channa Keshava Swamy Temple, Kaikondrahalli, Sarjapura Main Road','9035745744',NULL,NULL,NULL,NULL,0,0,0,0),(3343,549,3,9,'Tech Garage','Hosa Rd','8041527726',NULL,NULL,NULL,NULL,0,0,0,0),(3344,549,3,9,'Totoodo','#147, Near Sri Amrita Kripa Bakery, Sarjapur Main Road, Kaikondrahalli','8048667162',NULL,NULL,NULL,NULL,0,0,0,0),(3345,549,3,9,'Venkateshwara Mobile Point','29, Sarjapur Main Rd','9060599929',NULL,NULL,NULL,NULL,0,0,0,0),(3346,549,6,28,'Allen Solly Women (second floor)','Allen Solly Women (second floor)','8004253050',NULL,NULL,NULL,NULL,0,0,0,0),(3347,549,6,28,'Allen Solly','Bengaluru, Karnataka','8042092734',NULL,NULL,NULL,NULL,0,0,0,0),(3348,549,6,28,'Asma','Bengaluru, Karnataka','8026633001',NULL,NULL,NULL,NULL,0,0,0,0),(3349,549,6,28,'Aurelia','Bengaluru, Karnataka','8049563766',NULL,NULL,NULL,NULL,0,0,0,0),(3350,549,6,28,'Biba Apparels - Anarkali Suits, Kurta, Kurti','Bengaluru, Karnataka','8040930904',NULL,NULL,NULL,NULL,0,0,0,0),(3351,549,6,28,'Biba Apparels','Bengaluru, Karnataka','8041621468',NULL,NULL,NULL,NULL,0,0,0,0),(3352,549,6,28,'Biba','Bengaluru, Karnataka','8041139628',NULL,NULL,NULL,NULL,0,0,0,0),(3353,549,6,28,'Biba','Bengaluru, Karnataka','8041225774',NULL,NULL,NULL,NULL,0,0,0,0),(3354,549,6,28,'Dakshinee Collections','No C-702, Oceanus Monarda, Kasavanahalli Main Road, Off Sarjapur Road','8042289256',NULL,NULL,NULL,NULL,0,0,0,0),(3355,549,6,28,'Global Desi Women Clothing Store','Bengaluru, Karnataka','9538644141',NULL,NULL,NULL,NULL,0,0,0,0),(3356,549,6,28,'Kalanjali','Kalanjali','8040932111',NULL,NULL,NULL,NULL,0,0,0,0),(3357,549,6,28,'Kanya\'s Fashion','166, Hosa Rd','9686308273',NULL,NULL,NULL,NULL,0,0,0,0),(3358,549,6,28,'Kiddopanti.com','Bengaluru, Karnataka','9741352037',NULL,NULL,NULL,NULL,0,0,0,0),(3359,549,6,28,'Komal Collections','1/1, Next To Univercal Mobiles, Keikondana Halli, Sarjapur Main Road','9916194391',NULL,NULL,NULL,NULL,0,0,0,0),(3360,549,6,28,'Mithali','Mithali','8040967476',NULL,NULL,NULL,NULL,0,0,0,0),(3361,549,6,28,'Mohey (from the house of Manyavar)','Bengaluru, Karnataka','8041137012',NULL,NULL,NULL,NULL,0,0,0,0),(3362,549,6,28,'NCloset Designer Boutique','#33/D, 1st floor, Central Jail Road, Sarjapur Main Rd','8860055817',NULL,NULL,NULL,NULL,0,0,0,0),(3363,549,6,28,'NCloset Designer Boutique','Ncloset designer boutique, #33/D, 1st floor, Sarjapur Main Road, Hosa Rd','8105137111',NULL,NULL,NULL,NULL,0,0,0,0),(3364,549,6,28,'Ncloset','4/21, Hosa Rd','8860055817',NULL,NULL,NULL,NULL,0,0,0,0),(3365,549,6,28,'Nitara Boutique','Kesar Complex, 65/1, 1st Floor, Sarjapur Main Rd','7022254054',NULL,NULL,NULL,NULL,0,0,0,0),(3366,549,6,28,'Payal Sarees  Dresses','Bengaluru, Karnataka','9036247923',NULL,NULL,NULL,NULL,0,0,0,0),(3367,549,6,28,'Soch','Bengaluru, Karnataka','8022956333',NULL,NULL,NULL,NULL,0,0,0,0),(3368,549,6,28,'Soch','Bengaluru, Karnataka','8041239859',NULL,NULL,NULL,NULL,0,0,0,0),(3369,549,6,28,'Soch','Soch','8041485453',NULL,NULL,NULL,NULL,0,0,0,0),(3370,549,6,28,'Soch','Soch','8065354588',NULL,NULL,NULL,NULL,0,0,0,0),(3371,549,6,28,'Styylefairy Couture  Amabelle Bridals','Bengaluru, Karnataka','8884128712',NULL,NULL,NULL,NULL,0,0,0,0),(3372,549,6,28,'Styylefairy Couture  Amabelle Bridals','Styylefairy Couture, Sy No. 29/5, Shop 7/8, 2nd floor, Doddakannahalli Main road, Carmelaram Post, Off, Ambalipura - Sarjapur Road','8884128712',NULL,NULL,NULL,NULL,0,0,0,0),(3373,549,6,28,'The Maaya Boutique','1630/1504/05 First floor, Kasavanahalli Hobli , Behind Bata showroom, Off Sarjapur Rd','9620360968',NULL,NULL,NULL,NULL,0,0,0,0),(3374,549,6,28,'W for Woman','Bengaluru, Karnataka','8042070150',NULL,NULL,NULL,NULL,0,0,0,0),(3375,549,6,28,'W for Women','Bengaluru, Karnataka','8041139984',NULL,NULL,NULL,NULL,0,0,0,0),(3376,549,6,28,'kids fashion at kiddopanti','Bengaluru, Karnataka','8310551338',NULL,NULL,NULL,NULL,0,0,0,0),(3377,549,7,36,'ARA Beauty Salon for Women','Bengaluru, Karnataka','8048900492',NULL,NULL,NULL,NULL,0,0,0,0),(3378,549,7,36,'Asian Woman','Bengaluru, Karnataka','8041219198',NULL,NULL,NULL,NULL,0,0,0,0),(3379,549,7,36,'Bhagya Shree Herbal Beauty Parlour','Bengaluru, Karnataka','9242520026',NULL,NULL,NULL,NULL,0,0,0,0),(3380,549,7,36,'Blue  Blues Beauty Salon (Women)','Bengaluru, Karnataka','9741012222',NULL,NULL,NULL,NULL,0,0,0,0),(3381,549,7,36,'Blue  Blues Beauty Salon For Women','Bengaluru, Karnataka','9741012222',NULL,NULL,NULL,NULL,0,0,0,0),(3382,549,7,36,'Carpe Diem- The Beauty lounge','Bengaluru, Karnataka','8048533562',NULL,NULL,NULL,NULL,0,0,0,0),(3383,549,7,36,'Green Trends Unisex Hair  Style Salon','Bengaluru, Karnataka','8025741444',NULL,NULL,NULL,NULL,0,0,0,0),(3384,549,7,36,'Home Salon Service','Bengaluru, Karnataka','9999806926',NULL,NULL,NULL,NULL,0,0,0,0),(3385,549,7,36,'Honey Leaf Salon  Spa','Bengaluru, Karnataka','9620188880',NULL,NULL,NULL,NULL,0,0,0,0),(3386,549,7,36,'LYKMI LADIES SALON','Bengaluru, Karnataka','9986694417',NULL,NULL,NULL,NULL,0,0,0,0),(3387,549,7,36,'Ladies Beauty Parlour and Salon','Bengaluru, Karnataka','7829524462',NULL,NULL,NULL,NULL,0,0,0,0),(3388,549,7,36,'Ladies beauty parlour in Bellandur Gandhi','Bengaluru, Karnataka','7892524462',NULL,NULL,NULL,NULL,0,0,0,0),(3389,549,7,36,'Lakme Salon','Bengaluru, Karnataka','8042012308',NULL,NULL,NULL,NULL,0,0,0,0),(3390,549,7,36,'Lucky Lady Beauty Parlour','Bengaluru, Karnataka','8025510561',NULL,NULL,NULL,NULL,0,0,0,0),(3391,549,7,36,'Maestro Beauty Salon','Bengaluru, Karnataka','9916385113',NULL,NULL,NULL,NULL,0,0,0,0),(3392,549,7,36,'Naturals','Bengaluru, Karnataka','8553591899',NULL,NULL,NULL,NULL,0,0,0,0),(3393,549,7,36,'New Classic Unisex Salon','Bengaluru, Karnataka','9448847356',NULL,NULL,NULL,NULL,0,0,0,0),(3394,549,7,36,'New Look Beauty Parlour (Women kids)','Bengaluru, Karnataka','9036963003',NULL,NULL,NULL,NULL,0,0,0,0),(3395,549,7,36,'New Macho Men Women Beauty Salon','Bengaluru, Karnataka','9664550466',NULL,NULL,NULL,NULL,0,0,0,0),(3396,549,7,36,'Nova Men\'s Salon','Bengaluru, Karnataka','9620977148',NULL,NULL,NULL,NULL,0,0,0,0),(3397,549,7,36,'Nu Looks Ladies Salon','Bengaluru, Karnataka','7760050002',NULL,NULL,NULL,NULL,0,0,0,0),(3398,549,7,36,'Paddu Parlour','Bengaluru, Karnataka','7411812452',NULL,NULL,NULL,NULL,0,0,0,0),(3399,549,7,36,'Poorvika Beauty Salon','Bengaluru, Karnataka','9632322932',NULL,NULL,NULL,NULL,0,0,0,0),(3400,549,7,36,'Popular Men  Women Beauty Salon','Bengaluru, Karnataka','9901325668',NULL,NULL,NULL,NULL,0,0,0,0),(3401,549,7,36,'Radiance Ladies Beauty Salon  Spa','Bengaluru, Karnataka','9845851338',NULL,NULL,NULL,NULL,0,0,0,0),(3402,549,7,36,'Reborn Beauty Ladies Salon  Spa','Bengaluru, Karnataka','8041119254',NULL,NULL,NULL,NULL,0,0,0,0),(3403,549,7,36,'Salon Essential','Bengaluru, Karnataka','8042105231',NULL,NULL,NULL,NULL,0,0,0,0),(3404,549,7,36,'Shimmer Unisex Salon  Spa','Bengaluru, Karnataka','8892918614',NULL,NULL,NULL,NULL,0,0,0,0),(3405,549,7,36,'Studio Nine','Bengaluru, Karnataka','9900057244',NULL,NULL,NULL,NULL,0,0,0,0),(3406,549,7,36,'Texture Touch Style Lounge Sarjapur','Bengaluru, Karnataka','9880260273',NULL,NULL,NULL,NULL,0,0,0,0),(3407,549,7,36,'Thanu Beauty Parlour','Bengaluru, Karnataka','7022167056',NULL,NULL,NULL,NULL,0,0,0,0),(3408,549,7,36,'The Roots Unisex Salon, Spa  Ayurveda','Bengaluru, Karnataka','9902221088',NULL,NULL,NULL,NULL,0,0,0,0),(3409,549,7,36,'Volume Professional Women Salon  Academy','Bengaluru, Karnataka','9743572033',NULL,NULL,NULL,NULL,0,0,0,0),(3410,549,7,37,'AVALON BEAUTY SALON Mens Hair Salon','#12, Near Ayyappa temple G.B palaya, Hongasandara Main Road Bangalore-68','8050683098',NULL,NULL,NULL,NULL,0,0,0,0),(3411,549,7,37,'Bouns Mens Beauty Saloon  Parlour','#72, 6th Main Rd','9986573262',NULL,NULL,NULL,NULL,0,0,0,0),(3412,549,7,37,'Bouns Mens Beauty Saloon  Parlour','Bengaluru, Karnataka','9986573262',NULL,NULL,NULL,NULL,0,0,0,0),(3413,549,7,37,'Carpe Diem- The Beauty lounge','Hosa Rd','8048533562',NULL,NULL,NULL,NULL,0,0,0,0),(3414,549,7,37,'DM Salon  Spa','Bengaluru, Karnataka','8025740109',NULL,NULL,NULL,NULL,0,0,0,0),(3415,549,7,37,'Deepu Gents Parlor','Bengaluru, Karnataka','9945532677',NULL,NULL,NULL,NULL,0,0,0,0),(3416,549,7,37,'Excuse Me Gents Parlour','095914 30477','9591430477',NULL,NULL,NULL,NULL,0,0,0,0),(3417,549,7,37,'Excuse Me Gents Parlour','Bengaluru, Karnataka','9591430477',NULL,NULL,NULL,NULL,0,0,0,0),(3418,549,7,37,'Face Look Beauty Parlor','Bengaluru, Karnataka','9738067123',NULL,NULL,NULL,NULL,0,0,0,0),(3419,549,7,37,'GetLook Bangalore','Bengaluru, Karnataka','8884556966',NULL,NULL,NULL,NULL,0,0,0,0),(3420,549,7,37,'Green Trends Unisex Hair  Style Salon','No-9/1A, SVR Mansion, 1st floor, (Above Andhra Bank), Kasavanahalli main road, Sarjapur','8025741444',NULL,NULL,NULL,NULL,0,0,0,0),(3421,549,7,37,'Green Trends','Bengaluru, Karnataka','8041144913',NULL,NULL,NULL,NULL,0,0,0,0),(3422,549,7,37,'Green Trends','Plot No. 31, Shubh Enclave, 1st Floor, Above ICICI Bank, Harlur Road, Harlur','8041144913',NULL,NULL,NULL,NULL,0,0,0,0),(3423,549,7,37,'Hair  Fair Mens Parlour','2479, 60 Feet Rd','9886674987',NULL,NULL,NULL,NULL,0,0,0,0),(3424,549,7,37,'Hair  Fair Mens Parlour','Bengaluru, Karnataka','9886674987',NULL,NULL,NULL,NULL,0,0,0,0),(3425,549,7,37,'Hair \'N\' Shape Mens Beauty Salon','Shop No. 392, Sharada, 5th Main Road 5th Ave St,','9035891247',NULL,NULL,NULL,NULL,0,0,0,0),(3426,549,7,37,'Honey Leaf Salon  Spa','#48/3, 1st Floor, Above SBI BANK, opp To Brindavan Apartments, Central Jail Road, Naganathpura','9620188880',NULL,NULL,NULL,NULL,0,0,0,0),(3427,549,7,37,'Ikon 2 - Gents Parlor','Bengaluru, Karnataka','8026490281',NULL,NULL,NULL,NULL,0,0,0,0),(3428,549,7,37,'Images Men\'s Parlour','7/A2, Opp Lacasa Restaurant, Central Jail Road, Kasavanahalli','9742722767',NULL,NULL,NULL,NULL,0,0,0,0),(3429,549,7,37,'Images Men\'s Parlour','Bengaluru, Karnataka','9742722767',NULL,NULL,NULL,NULL,0,0,0,0),(3430,549,7,37,'Kreation Men Saloon','070262 26633','7026226633',NULL,NULL,NULL,NULL,0,0,0,0),(3431,549,7,37,'Lakme Salon','65/1C, Sarjapur Main Rd','8042012308',NULL,NULL,NULL,NULL,0,0,0,0),(3432,549,7,37,'NEW CHETHAN GENTS PARLOUR','Govinda Shetty Palya, Electronic City post, Bangalore 100.','9741369391',NULL,NULL,NULL,NULL,0,0,0,0),(3433,549,7,37,'Naturals Beauty Salon','1403, First Floor, Shalom Arcade Near HDFC Bank, Hosa Rd','7348800249',NULL,NULL,NULL,NULL,0,0,0,0),(3434,549,7,37,'New Alankar Gents Beauty Parlour','Bengaluru, Karnataka','9945359284',NULL,NULL,NULL,NULL,0,0,0,0),(3435,549,7,37,'New Alankar Gents Beauty Parlour','No.321,1st Cross,Hosur Road,Electronic City, Hosa Rd','9945359284',NULL,NULL,NULL,NULL,0,0,0,0),(3436,549,7,37,'New Classic Men\'s Salon','099455 32677','9945532677',NULL,NULL,NULL,NULL,0,0,0,0),(3437,549,7,37,'New Classic Men\'s Salon','Shop No Opposite To Andhra Bank,, 1, Hosa Rd','9738926241',NULL,NULL,NULL,NULL,0,0,0,0),(3438,549,7,37,'New Classic Mens Parlour','Amrilka College Road, Kaikondarahalli','7676746389',NULL,NULL,NULL,NULL,0,0,0,0),(3439,549,7,37,'New Classic Mens Saloon','M.G.R. Complex, Ground Floor, Sarjapur Main Road, Opp. Bata Showroom, Kaikondrahalli','8046392304',NULL,NULL,NULL,NULL,0,0,0,0),(3440,549,7,37,'New Classic Unisex Salon','65/1A, Sarjapur Main Rd','9448847356',NULL,NULL,NULL,NULL,0,0,0,0),(3441,549,7,37,'New KRS Gents Parlour','#31,#02,relaible residensy,harlour village Bangalore 560035','9916831615',NULL,NULL,NULL,NULL,0,0,0,0),(3442,549,7,37,'New KRS Gents Parlour','Bengaluru, Karnataka','9916831615',NULL,NULL,NULL,NULL,0,0,0,0),(3443,549,7,37,'New Macho Men Women Beauty Salon','Bengaluru, Karnataka','9664550466',NULL,NULL,NULL,NULL,0,0,0,0),(3444,549,7,37,'Nova Men\'s Salon','State Bank of India Building','9620977148',NULL,NULL,NULL,NULL,0,0,0,0),(3445,549,7,37,'Olympic Mens Beauty Saloon','No.23,Shop No., PGK Chamber\'s, Tulasi, 1, Hosa Rd','8867608647',NULL,NULL,NULL,NULL,0,0,0,0),(3446,549,7,37,'Popular Men\'s Beauty Shloon','No:30/2,Krishna Reddy Layout,Konappana Agrahara,, Hosur Road,Bangalore 560100','9980547196',NULL,NULL,NULL,NULL,0,0,0,0),(3447,549,7,37,'Popular Mens Hair Salon','12th Main Rd','8022222222',NULL,NULL,NULL,NULL,0,0,0,0),(3448,549,7,37,'Salon Essential','11th Cross Rd','8042105231',NULL,NULL,NULL,NULL,0,0,0,0),(3449,549,7,37,'Salon Essential','Bengaluru, Karnataka','8042105231',NULL,NULL,NULL,NULL,0,0,0,0),(3450,549,7,37,'Shimmer Unisex Salon  Spa','Balaji Manor, 1st Floor Next to Reliance Fresh, Hosa Rd','8892918614',NULL,NULL,NULL,NULL,0,0,0,0),(3451,549,7,37,'Shimmer Unisex Salon  Spa','Bengaluru, Karnataka','8892918614',NULL,NULL,NULL,NULL,0,0,0,0),(3452,549,7,37,'Sirish Mens\' Saloons','200, 6th Cross Rd','9448741355',NULL,NULL,NULL,NULL,0,0,0,0),(3453,549,7,37,'Studio Nine','71/1A,GYR Chambers,Second Floor Sarjapur Main Road,Kaikondrahalli Above Pai electronics and Apollo Clinic','9900057244',NULL,NULL,NULL,NULL,0,0,0,0),(3454,549,7,37,'Surya Prasad Gents Beauty Salon','#518,(basement), 24th main road, near parangi palya bus stop,, 2nd sector , HSR layout,','9980973548',NULL,NULL,NULL,NULL,0,0,0,0),(3455,549,7,37,'TONIGUY Sarjapur Road || Top Salons in Bangalore','#5, 2nd Floor, MGR Complex, Sarjapur Road','8048901111',NULL,NULL,NULL,NULL,0,0,0,0),(3456,549,7,37,'Texture Touch Style Lounge HSR Layout','Bengaluru, Karnataka','9886916263',NULL,NULL,NULL,NULL,0,0,0,0),(3457,549,7,37,'Texture Touch Style Lounge Sarjapur','1st floor, Crystal Jasper Commercial Complex, Near Amritha Engineering College, Hosa Rd','9880260273',NULL,NULL,NULL,NULL,0,0,0,0),(3458,549,7,37,'The Cutting Edge Saloon  Spa men\'s parlour','Bengaluru, Karnataka','7829387173',NULL,NULL,NULL,NULL,0,0,0,0),(3459,549,7,37,'ToniGuy','2607, 27th Main Road, 1st Sector, HSR Layout, South-east Bengaluru','8022584884',NULL,NULL,NULL,NULL,0,0,0,0),(3460,549,7,37,'VMM Mens Beauty Saloon','Bengaluru, Karnataka','8867566367',NULL,NULL,NULL,NULL,0,0,0,0),(3461,549,7,38,'Bless Salon','#2355, 24th Main Road, near Bangalore one park, HSR layout 1st sector','9611122180',NULL,NULL,NULL,NULL,0,0,0,0),(3462,549,7,38,'DM Salon  Spa','DM Salon and Spa No.17, Plumeria Building, Opp. Ozone Evergreen Apt Harlur Road Near Families Mart','8025740109',NULL,NULL,NULL,NULL,0,0,0,0),(3463,549,7,38,'Elements Spa','177, 9th Main Road, Sector 7,, HSR Layout','8025720641',NULL,NULL,NULL,NULL,0,0,0,0),(3464,549,7,38,'Five Fingers Salon and Spa','Five Fingers Salon and Spa','7676322200',NULL,NULL,NULL,NULL,0,0,0,0),(3465,549,7,38,'Four Fountains De-Stress Spa','T. K. Plaza, #1095, Opposite to IOC Petrol Bunk, Sarjapura Outer Ring Road, Bellandur','9742211908',NULL,NULL,NULL,NULL,0,0,0,0),(3466,549,7,38,'Fresco Spa by Tattva','54B/55A, Lemon Tree Hotel, Hosur Main Road, Electronics City Phase 1','8044232323',NULL,NULL,NULL,NULL,0,0,0,0),(3467,549,7,38,'Honey Leaf Salon  Spa','#48/3, 1st Floor, Above SBI BANK, opp To Brindavan Apartments, Central Jail Road, Naganathpura','9620188880',NULL,NULL,NULL,NULL,0,0,0,0),(3468,549,7,38,'O2 Spa Bangalore','O2 Spa Bangalore','9035061668',NULL,NULL,NULL,NULL,0,0,0,0),(3469,549,7,38,'O2 Spa Sarjapur','12/3/2, Ambalipura Village, Varthur Hobli, 3/2, Sarjapur Road, Fab India, Bellandur','9036009216',NULL,NULL,NULL,NULL,0,0,0,0),(3470,549,7,38,'O2 Spa','Grand Mercure Hotel,, 12th Main Road, Koramangala 3 Block, Koramangala','9247020202',NULL,NULL,NULL,NULL,0,0,0,0),(3471,549,7,38,'Refresh Salon  Spa The Best Family Salon  Spa HSR Layout','No. 5/4/1, 24th A Main Road, Parangi Palaya, Sector 2, HSR Layout','9916077776',NULL,NULL,NULL,NULL,0,0,0,0),(3472,549,7,38,'SPA.ce the Spa','40, DoubleTree Suites by Hilton, 2, Sarjapur Junction 2nd Cross Rd','8310799599',NULL,NULL,NULL,NULL,0,0,0,0),(3473,549,7,38,'Shimmer Unisex Salon  Spa','Balaji Manor, 1st Floor Next to Reliance Fresh, Hosa Rd','8892918614',NULL,NULL,NULL,NULL,0,0,0,0),(3474,549,7,38,'Sign Spa','Hotel Ekaa #52, Hosur Main Road, Kudlu gate Bus stop, Next to Hyundai show room','9108883313',NULL,NULL,NULL,NULL,0,0,0,0),(3475,549,7,38,'Sohum Spa','43, Hosur Rd','8030030303',NULL,NULL,NULL,NULL,0,0,0,0),(3476,549,7,38,'The Roots Unisex Salon, Spa  Ayurveda','No 51, 1st Floor, BRS Towers, Sarjapur Main Rd, Above ICICI Wealth Management Bank, Kaikondrahalli','9902221088',NULL,NULL,NULL,NULL,0,0,0,0),(3477,549,7,38,'Uber spa  Salon bellendur','Second Floor, 18/2A, Sarjapur Main Rd','8041518485',NULL,NULL,NULL,NULL,0,0,0,0),(3478,549,7,38,'ahvataras the spa  salon','Palm Avenue 209, Outer Ring Road Behind Indian oil petrol station, Premvatsav Arcade','8042039253',NULL,NULL,NULL,NULL,0,0,0,0),(3479,549,7,38,'cool spa bangalore','Electronic City Road','8870977990',NULL,NULL,NULL,NULL,0,0,0,0),(3480,549,8,39,'ArtzKala Studio - Costumes Centre, Fine Arts, Performing Arts, dance school, fancy dress, costume','3rd floor, Corner Crest, No. 603, Central Jail Road, 2nd Main Rd','9590669880',NULL,NULL,NULL,NULL,0,0,0,0),(3481,549,8,39,'ArtzKala Studio by Susmita Dutta Haldar','HM Symphony, Hosa Rd','9590669880',NULL,NULL,NULL,NULL,0,0,0,0),(3482,549,8,39,'Crazy Dance Buddies','#250,, 8th Main,, N.Venkatesh Reddy Building,, Begur Main Road,, Hongasandra,','9035553609',NULL,NULL,NULL,NULL,0,0,0,0),(3483,549,8,39,'D4U Studios','D4u Studios, Above Coffee Day, Sarjapur Main Rd','9916031111',NULL,NULL,NULL,NULL,0,0,0,0),(3484,549,8,39,'Dance Kala','D-203, Spring Field Appartment, Next To-Total Mall, Sarjapur Road','9342510474',NULL,NULL,NULL,NULL,0,0,0,0),(3485,549,8,39,'Echo Academy','#748, 2nd Floor, Palm Ave','9900142332',NULL,NULL,NULL,NULL,0,0,0,0),(3486,549,8,39,'Feel The Beat Dance  Fitness Studio','Shop 1, 1st floor, Ganesha Residency, 16th A cross, Neeladri Layout, Electroni city Phase-1','9916097907',NULL,NULL,NULL,NULL,0,0,0,0),(3487,549,8,39,'Glance Dance Centre','296, Nayak Tower Building , Jakkasandra Extention,1st Block, 1st Main Road, Koramangala','9606579588',NULL,NULL,NULL,NULL,0,0,0,0),(3488,549,8,39,'H2O Dance and Recording Studioz','CJR Arcade, Second Floor Next to Bangalore Central Mall, Outer Ring Road, Bellandur','9844772812',NULL,NULL,NULL,NULL,0,0,0,0),(3489,549,8,39,'Kalanjali Music Art Dance Institute','Kalanjali Music Art Dance Academy, 65/1A, Sarjapur Main Rd','8050660672',NULL,NULL,NULL,NULL,0,0,0,0),(3490,549,8,39,'Natyadharmi Nrithya Kalamandira dance School','#884 1st Main, 1st Cross, AECS Layout, B Block','9902013523',NULL,NULL,NULL,NULL,0,0,0,0),(3491,549,8,39,'Natyakala Dance  Music Academy','#2239 Krishna Complex, 17th Cross, 24th Main, Sector 1, HSR Layout (Opposite to Sri Basaveshwara Gayatri Temple','9742117266',NULL,NULL,NULL,NULL,0,0,0,0),(3492,549,8,39,'Natyalaya','#647, 27th Main Rd','9845278678',NULL,NULL,NULL,NULL,0,0,0,0),(3493,549,8,39,'Nruthyam Dance  Music Studio','51/6, Kudlu Rd','9538494971',NULL,NULL,NULL,NULL,0,0,0,0),(3494,549,8,39,'Poornima Kartik - Odissi Dance Classes','578, 2nd Cross Rd','7760233004',NULL,NULL,NULL,NULL,0,0,0,0),(3495,549,8,39,'RUDRATHANDAV DANCE ACADEMY','Sarjapur Main Rd','7760708414',NULL,NULL,NULL,NULL,0,0,0,0),(3496,549,8,39,'Raga Sudha Dance  Music Class','Begur Main Rd','9739671741',NULL,NULL,NULL,NULL,0,0,0,0),(3497,549,8,39,'SSCD - Classical Dance Classes, Mohiniyattam, Kuchipudi  Bharatanatyam dance classes in Koramangala','Reliable Lakedew Residency, Harlur Main Rd','8884648100',NULL,NULL,NULL,NULL,0,0,0,0),(3498,549,8,39,'Sunatya Academy Of Performing Arts','#51, 2nd Floor, Nirmala Complex, Next to B.R.S School, Central Jail Rd, Off Sarjapur Road, Kasavanahalli','9916921900',NULL,NULL,NULL,NULL,0,0,0,0),(3499,549,8,40,'6am Yoga','5th floor, Shalom Arcade, Near HDFC Bank, Kasavanahalli, Bangalore- 560035','9980802351',NULL,NULL,NULL,NULL,0,0,0,0),(3500,549,8,40,'6am Yoga','Bengaluru, Karnataka','9980802351',NULL,NULL,NULL,NULL,0,0,0,0),(3501,549,8,40,'Art Of Living Bellandur Center','Kristal Olivine Club House, Bellandur','9742206618',NULL,NULL,NULL,NULL,0,0,0,0),(3502,549,8,40,'Art of Living Bellandur','AOL Bellandur Temple of Knowledge, 2nd Floor, Above Big Bazaar Express,, Sarjapur Main Rd','9916317775',NULL,NULL,NULL,NULL,0,0,0,0),(3503,549,8,40,'Art of Living Center','ALT Training College Auditorium, Beside More Mega Store, Sarjapur Road, Ambalipura, Harlur','9845999701',NULL,NULL,NULL,NULL,0,0,0,0),(3504,549,8,40,'Art of Living Center','Bengaluru, Karnataka','9845999701',NULL,NULL,NULL,NULL,0,0,0,0),(3505,549,8,40,'Ashtanga Yoga Kendra','Bengaluru, Karnataka','8762284207',NULL,NULL,NULL,NULL,0,0,0,0),(3506,549,8,40,'Contours Women\'s Fitness Studio HSR','Bengaluru, Karnataka','8022585105',NULL,NULL,NULL,NULL,0,0,0,0),(3507,549,8,40,'E-Clipz FITNESS STUDIO','Bengaluru, Karnataka','9900072266',NULL,NULL,NULL,NULL,0,0,0,0),(3508,549,8,40,'Fabwell Health Care','Bengaluru, Karnataka','8042027779',NULL,NULL,NULL,NULL,0,0,0,0),(3509,549,8,40,'GymX, Fitness Redefined, Kasavanahalli','No-34/5, Aadeshwar Chambers, Kasavanhalli Main Road MA Collage Road, Off, Sarjapur Main Rd','9844745185',NULL,NULL,NULL,NULL,0,0,0,0),(3510,549,8,40,'Happyloka Yoga And Wellness Studio','28, Marathahalli - Sarjapur Outer Ring Road, Bellandur','9108292466',NULL,NULL,NULL,NULL,0,0,0,0),(3511,549,8,40,'Jawed Habib Hair And Beauty','Bengaluru, Karnataka','8049535502',NULL,NULL,NULL,NULL,0,0,0,0),(3512,549,8,40,'Jawed Habib','Bengaluru, Karnataka','8197780005',NULL,NULL,NULL,NULL,0,0,0,0),(3513,549,8,40,'Lakme Salon','65/1C, Sarjapur Main Rd','8042012308',NULL,NULL,NULL,NULL,0,0,0,0),(3514,549,8,40,'Lucky Lady Beauty Parlour','Bengaluru, Karnataka','8025510561',NULL,NULL,NULL,NULL,0,0,0,0),(3515,549,8,40,'Maestro Beauty Salon','2, Bellandur Main Road, Bellandur, Behind Akme harmony appartment','9916385113',NULL,NULL,NULL,NULL,0,0,0,0),(3516,549,8,40,'Naturals Beauty Salon','1403, First Floor, Shalom Arcade Near HDFC Bank, Hosa Rd','7348800249',NULL,NULL,NULL,NULL,0,0,0,0),(3517,549,8,40,'Naturals Beauty Salon','Bengaluru, Karnataka','7348800249',NULL,NULL,NULL,NULL,0,0,0,0),(3518,549,8,40,'Naturals Salon, Bellandur','Bengaluru, Karnataka','8884912345',NULL,NULL,NULL,NULL,0,0,0,0),(3519,549,8,40,'New U Fitness','No. 58/4,G.R. Arcade, Amruta Engineering College Road, Hosa Rd','9008908080',NULL,NULL,NULL,NULL,0,0,0,0),(3520,549,8,40,'Nu Looks Family Salon  Spa','Bengaluru, Karnataka','8041102851',NULL,NULL,NULL,NULL,0,0,0,0),(3521,549,8,40,'Paddu Parlour','#1, ?5th main road, CSB layout, Amrita collage road, Apollo pharmacy building, Opp ?HDFC bank','7411812452',NULL,NULL,NULL,NULL,0,0,0,0),(3522,549,8,40,'Shimmer Unisex Salon  Spa','Balaji Manor, 1st Floor Next to Reliance Fresh, Hosa Rd','8892918614',NULL,NULL,NULL,NULL,0,0,0,0),(3523,549,8,40,'Skills and Qualities','Bengaluru, Karnataka','9810544118',NULL,NULL,NULL,NULL,0,0,0,0),(3524,549,8,40,'Skills and Qualities','Lisha Vistara, Hyper Dr Ln','9810544118',NULL,NULL,NULL,NULL,0,0,0,0),(3525,549,8,40,'Srimoyi Yoga','Bellandur, Marathahalli, Sarjapur Outer Ring Road','8025843122',NULL,NULL,NULL,NULL,0,0,0,0),(3526,549,8,40,'Srimoyi Yoga','Bengaluru, Karnataka','8025843122',NULL,NULL,NULL,NULL,0,0,0,0),(3527,549,8,40,'The Roots Unisex Salon, Spa  Ayurveda','No 51, 1st Floor, BRS Towers, Sarjapur Main Rd, Above ICICI Wealth Management Bank, Kaikondrahalli','9902221088',NULL,NULL,NULL,NULL,0,0,0,0),(3528,549,8,40,'The Yoga Binge Studio','Bengaluru, Karnataka','9620317773',NULL,NULL,NULL,NULL,0,0,0,0),(3529,549,8,40,'Uber spa  Salon bellendur','Second Floor, 18/2A, Sarjapur Main Rd','8041518485',NULL,NULL,NULL,NULL,0,0,0,0),(3530,549,8,40,'VLCC HSR Layout','Bengaluru, Karnataka','8029763227',NULL,NULL,NULL,NULL,0,0,0,0),(3531,549,8,40,'Velvete Lounge Unisex Salon','Coronet Green Commercial Complex, #9/2, 2nd Floor, Above Big Bazar, Sarjapur Mai','8050783225',NULL,NULL,NULL,NULL,0,0,0,0),(3532,549,8,40,'Vivekananda Health Global - Ayurveda, Naturopathy  Yoga','Bengaluru, Karnataka','9591336226',NULL,NULL,NULL,NULL,0,0,0,0),(3533,549,8,40,'helth care and beauty','Bengaluru, Karnataka','9986182708',NULL,NULL,NULL,NULL,0,0,0,0),(3534,549,8,40,'new Look Beauty Salon  Spa','Bengaluru, Karnataka','9035950598',NULL,NULL,NULL,NULL,0,0,0,0),(3535,549,8,42,'Deccan Driving School','No. 58/3, Hosur Main Road, Opposite Total Commercial Complex, Madiwala','8025535359',NULL,NULL,NULL,NULL,0,0,0,0),(3536,549,8,42,'Dhanush (M.D.T.S.) Motor Driving Training School','Jakkasandra Extension, 49/17, 6th Cross Road','9900441967',NULL,NULL,NULL,NULL,0,0,0,0),(3537,549,8,42,'Drivekool Driving School- HSR','#2774, 2775, 21st Main Road, HSR layout, Sector 1 Opp. To Existing RTO building. Behind HDFC BANK','8050705061',NULL,NULL,NULL,NULL,0,0,0,0),(3538,549,8,42,'Ganesh Driving School','58(18/4), 1st Floor, Next to Shiva temple, Hosapalya Main Rd','9845397305',NULL,NULL,NULL,NULL,0,0,0,0),(3539,549,8,42,'HMS Driving School','1425/B, sannidi nilaya','9686353278',NULL,NULL,NULL,NULL,0,0,0,0),(3540,549,8,42,'Maruti Driving School - Kudlu Harlur Road','Near, #58/5, HSR Extension, Next to Zee School Somasundarapalya, Harlur Main Rd','8971422226',NULL,NULL,NULL,NULL,0,0,0,0),(3541,549,8,42,'Maruti Driving School','Building No. 26, Off Sarjapura road, Off Haralur road, Behind HP Petrol Pump','8025747764',NULL,NULL,NULL,NULL,0,0,0,0),(3542,549,8,42,'Maruti Driving School','No. 28, bimal auto agency, The Ascent old airport road, opposite to total mall, Murugesh Pallya, Jeevanbheemanagar','9742232068',NULL,NULL,NULL,NULL,0,0,0,0),(3543,549,8,42,'Maruti Driving School','Shop No.70, Bannerghatta Road, Sarakki Industrial Estate, JP Nagar 3rd Phase','8026588000',NULL,NULL,NULL,NULL,0,0,0,0),(3544,549,8,42,'NEW HORNAD DRIVING SCHOOL','No. 21, 1st Floor, Hosapalaya Main Road, Near HSR Layout, Hosapalaya','9845876170',NULL,NULL,NULL,NULL,0,0,0,0),(3545,549,8,42,'New Rainbow Driving School','No. 77/1E, 1st Floor, Near South India Bank, Wipro Corporate Office, Sarjapur Main Road, Kaikondrahalli','9342313947',NULL,NULL,NULL,NULL,0,0,0,0),(3546,549,8,42,'New Santro Driving School sarjapur Road','099860 71555','9986071555',NULL,NULL,NULL,NULL,0,0,0,0),(3547,549,8,42,'New Santro Driving School','Old Airport Road, Shop No : 24, 5th Cross Road, Old Airport Road, K R Garden, Murugeshpalya','9886919482',NULL,NULL,NULL,NULL,0,0,0,0),(3548,549,8,42,'New Santro Driving School-Koramangala','#90,16th Main, 7th Cross, 4th B Block, Koramangala, Near B.D.A. Complex','9341221777',NULL,NULL,NULL,NULL,0,0,0,0),(3549,549,8,42,'New Santro Motor Driving School-Bilekkahalli','29, Bannerghatta Main Rd','9880062192',NULL,NULL,NULL,NULL,0,0,0,0),(3550,549,8,42,'Pratham Motors Koramangala - MDS, Sales, Service  True Value','4th A Cross, 528, 16th Main Rd','9845599222',NULL,NULL,NULL,NULL,0,0,0,0),(3551,549,8,42,'Pratham Motors Private Limited','#90/85/02, VRR Royal Commercial Complex, 21st A Main Road, 17th Cross Road','8884015222',NULL,NULL,NULL,NULL,0,0,0,0),(3552,549,8,42,'Pratham Motors Private Limited','58/5, HSR Extension, Kudlu, Next to Zee School','7760998944',NULL,NULL,NULL,NULL,0,0,0,0),(3553,549,8,42,'Pratham Motors','VRR Royal Commercial Complex,# 90/85/2, 21st A Main, HSR Layout, Vanganahalli, 1st Sector','8032216956',NULL,NULL,NULL,NULL,0,0,0,0),(3554,549,8,42,'Rainbow Driving School','341, 4th Avenue, 6th Main, Opp. Ganesha Temple, Teache\'s Colony, Koramangala','9916123555',NULL,NULL,NULL,NULL,0,0,0,0);
/*!40000 ALTER TABLE `customer_data` ENABLE KEYS */;
UNLOCK TABLES;

--
-- Table structure for table `pack`
--

DROP TABLE IF EXISTS `pack`;
/*!40101 SET @saved_cs_client     = @@character_set_client */;
/*!40101 SET character_set_client = utf8 */;
CREATE TABLE `pack` (
  `pack_id` int(11) DEFAULT NULL,
  `pack_name` varchar(50) DEFAULT NULL,
  `monthly_price` varchar(50) DEFAULT NULL,
  `quartely_price` varchar(50) DEFAULT NULL,
  `discounted_quartely_price` varchar(50) DEFAULT NULL,
  `halfyearly_price` varchar(50) DEFAULT NULL,
  `discounted_halfyearly_price` varchar(50) DEFAULT NULL,
  `yearly_price` varchar(50) DEFAULT NULL,
  `discounted_yearly_price` varchar(50) DEFAULT NULL
) ENGINE=InnoDB DEFAULT CHARSET=latin1;
/*!40101 SET character_set_client = @saved_cs_client */;

--
-- Dumping data for table `pack`
--

LOCK TABLES `pack` WRITE;
/*!40000 ALTER TABLE `pack` DISABLE KEYS */;
/*!40000 ALTER TABLE `pack` ENABLE KEYS */;
UNLOCK TABLES;

--
-- Table structure for table `postfreeuser_info`
--

DROP TABLE IF EXISTS `postfreeuser_info`;
/*!40101 SET @saved_cs_client     = @@character_set_client */;
/*!40101 SET character_set_client = utf8 */;
CREATE TABLE `postfreeuser_info` (
  `company` varchar(50) DEFAULT NULL,
  `name` varchar(50) DEFAULT NULL,
  `email` varchar(50) DEFAULT NULL,
  `mobile` varchar(50) DEFAULT NULL,
  `phone` varchar(50) DEFAULT NULL,
  `city_id` int(11) DEFAULT NULL,
  `address` varchar(50) DEFAULT NULL,
  `category_id` int(11) DEFAULT NULL,
  `subcategory_id` int(11) DEFAULT NULL,
  `id` int(11) NOT NULL AUTO_INCREMENT,
  PRIMARY KEY (`id`)
) ENGINE=InnoDB DEFAULT CHARSET=latin1;
/*!40101 SET character_set_client = @saved_cs_client */;

--
-- Dumping data for table `postfreeuser_info`
--

LOCK TABLES `postfreeuser_info` WRITE;
/*!40000 ALTER TABLE `postfreeuser_info` DISABLE KEYS */;
/*!40000 ALTER TABLE `postfreeuser_info` ENABLE KEYS */;
UNLOCK TABLES;

--
-- Table structure for table `sub_category`
--

DROP TABLE IF EXISTS `sub_category`;
/*!40101 SET @saved_cs_client     = @@character_set_client */;
/*!40101 SET character_set_client = utf8 */;
CREATE TABLE `sub_category` (
  `id` int(11) NOT NULL AUTO_INCREMENT,
  `cat_id` int(11) DEFAULT NULL,
  `name` varchar(50) DEFAULT NULL,
  `active` tinyint(4) DEFAULT '1',
  `icon_fa_class` char(5) DEFAULT NULL,
  PRIMARY KEY (`id`),
  KEY `FK__category` (`cat_id`),
  CONSTRAINT `FK__category` FOREIGN KEY (`cat_id`) REFERENCES `category` (`id`)
) ENGINE=InnoDB AUTO_INCREMENT=209 DEFAULT CHARSET=latin1;
/*!40101 SET character_set_client = @saved_cs_client */;

--
-- Dumping data for table `sub_category`
--

LOCK TABLES `sub_category` WRITE;
/*!40000 ALTER TABLE `sub_category` DISABLE KEYS */;
INSERT INTO `sub_category` VALUES (1,2,'AC Repairing',1,NULL),(2,2,'Furnitures',1,NULL),(3,2,'Electrician',1,NULL),(4,2,'Electrical',1,NULL),(5,2,'Electronics',1,NULL),(6,2,'Plumber',1,NULL),(7,2,'Raj Mistri',0,NULL),(8,2,'Carpenter',1,NULL),(9,3,'Mobile',1,NULL),(10,3,'Watch',1,NULL),(11,3,'Laptop',1,NULL),(12,3,'Camera',1,NULL),(13,3,'Computer',1,NULL),(14,3,'Camera',1,NULL),(15,3,'Set Top Box',1,NULL),(16,3,'Gas Chulha',1,NULL),(17,3,'Furniture',1,NULL),(18,3,'Geyser',1,NULL),(19,3,'Juicer Mixer',1,NULL),(20,3,'Generator',1,NULL),(21,3,'TV',1,NULL),(22,3,'Inverter',1,NULL),(23,3,'Machinery',1,NULL),(24,4,'TV',1,NULL),(25,4,'AC',1,NULL),(26,4,'Refrigerator',1,NULL),(27,4,'Set Top Box',1,NULL),(28,6,'Ladies Suits',1,NULL),(29,6,'Ladies Sarees',1,NULL),(30,6,'Readymade Clothes Child',1,NULL),(31,6,'Groom Cloth',1,NULL),(32,6,'Bridal Cloth',1,NULL),(33,6,'Readymade Garments',1,NULL),(34,6,'Khadi Bhandar',1,NULL),(35,6,'Readymade Designer Kurta',1,NULL),(36,7,'Parlors Ladies',1,NULL),(37,7,'Parlors Gents',1,NULL),(38,7,'Body Massage',1,NULL),(39,8,'Dance Class',1,NULL),(40,8,'Beauty Parlor Training',1,NULL),(41,8,'Yoga Training',1,NULL),(42,8,'Car Training',1,NULL),(43,9,'Play School',1,NULL),(44,9,'Furniture',1,NULL),(45,9,'Colleges',1,NULL),(46,9,'School',1,NULL),(47,9,'School Bag',1,NULL),(48,9,'Stationary',1,NULL),(49,10,'Nursing Home',1,NULL),(50,10,'Medical Store',1,NULL),(51,10,'Home Therapy',1,NULL),(52,10,'Doctor- Homeopathic',1,NULL),(53,10,'Doctor- Child Specialist',1,NULL),(54,10,'Doctor- Ladies',1,NULL),(55,10,'Doctor- Ayurveda',1,NULL),(56,10,'Blood Bank',1,NULL),(57,10,'Pathologies Lab',1,NULL),(58,10,'X-Ray',1,NULL),(59,10,'Ultrasound',1,NULL),(60,11,'Car Repairing',1,NULL),(61,11,'Car AC',1,NULL),(62,11,'Car Denter',1,NULL),(63,11,'Car Electrician',1,NULL),(64,11,'Tyre Puncture',1,NULL),(65,11,'Motor Cycle/Scooter Repairing',1,NULL),(66,11,'Car Washing & Vacuum Cleaning',1,NULL),(67,12,'Motor Cycle Showroom',1,NULL),(68,12,'Motor Cycle Spare Parts',1,NULL),(69,12,'Car Spare Parts',1,NULL),(70,12,'Car Showroom',1,NULL),(71,12,'Mobile Shop',1,NULL),(72,12,'Camera Shop',1,NULL),(73,12,'Car Accessories',1,NULL),(74,12,'Inverter/Battery',1,NULL),(75,12,'Generator Sale',1,NULL),(76,12,'General Store',1,NULL),(77,12,'Dry Cleaners',1,NULL),(78,13,'Fiber Door',1,NULL),(79,13,'Home Painter',1,NULL),(80,13,'Parda and Rods',1,NULL),(81,13,'Interior designer',1,NULL),(82,13,'Wallpaper',1,NULL),(83,13,'POP',1,NULL),(84,13,'Interior Decorator',1,NULL),(85,13,'Office Furniture',1,NULL),(86,13,'All Type Chicks',1,NULL),(87,13,'Nursury Green',1,NULL),(88,13,'Aluminum Door',1,NULL),(89,13,'Fiber Door',1,NULL),(90,13,'Office Chicks',1,NULL),(91,13,'Office Sealing',1,NULL),(92,13,'Glass',1,NULL),(93,13,'Fish Pot',1,NULL),(94,15,'CA- Income Tax',1,NULL),(95,15,'CA- Company',1,NULL),(96,15,'Trust Registration',1,NULL),(97,15,'Criminal Lawyer',1,NULL),(98,15,'Civil Lawyer',1,NULL),(99,15,'Banama',1,NULL),(100,15,'Stamp Seller',1,NULL),(101,15,'Lekhpal',1,NULL),(102,16,'Automobile Insurance',1,NULL),(103,16,'Life Insurance',1,NULL),(104,16,'Mediclaim Insurance',1,NULL),(105,17,'Train Tickets',1,NULL),(106,17,'Air Tickets',1,NULL),(107,17,'Bus Tickets',1,NULL),(108,17,'Car on Rent',1,NULL),(109,17,'Bus on Rent',1,NULL),(110,17,'Packer & Movers',1,NULL),(111,17,'Holyday Packers',1,NULL),(112,17,'Sales/Purchase/Renting',1,NULL),(113,17,'Car Bazar',1,NULL),(114,17,'Two-Wheeler Bazar',1,NULL),(115,17,'Property Sale Purchase',1,NULL),(116,17,'Property Renting',1,NULL),(117,17,'Laptop Desktop Renting',1,NULL),(118,17,'Laptop Desktop Sale',1,NULL),(119,17,'Tyre Shops',1,NULL),(120,17,'Watch Shop',1,NULL),(121,18,'Care takers',1,NULL),(122,18,'Homes Servants',1,NULL),(123,18,'Sales man',1,NULL),(124,18,'Guards',1,NULL),(125,18,'Helper',1,NULL),(126,18,'Job placement',1,NULL),(127,18,'Office Staff',1,NULL),(128,18,'Driver',1,NULL),(129,19,'DJ',1,NULL),(130,19,'Baggi',1,NULL),(131,19,'Ghodi',1,NULL),(132,19,'Tent',1,NULL),(133,19,'Catering',1,NULL),(134,19,'Halwai',1,NULL),(135,19,'Banquet Hall',1,NULL),(136,19,'Waiter Services',1,NULL),(137,19,'Photographer',1,NULL),(138,19,'Video Grapher',1,NULL),(139,19,'Water Can &  Bottle &  Cup Supplier',1,NULL),(140,19,'Ice Cream Supplier',1,NULL),(141,19,'Mitti Pots',1,NULL),(142,19,'Done Pattal',1,NULL),(143,19,'Community Center',1,NULL),(144,19,'Farm House',1,NULL),(145,20,'Chinese Food',1,NULL),(146,20,'Hotels',1,NULL),(147,20,'Hotels 3 Star',1,NULL),(148,20,'Hotels 5 Star',1,NULL),(149,20,'Hotels 7 Star',1,NULL),(150,20,'Guest House',1,NULL),(151,20,'Dharmashala',1,NULL),(152,20,'Tiffin Service',1,NULL),(153,20,'PG Girls',1,NULL),(154,20,'PG Boys',1,NULL),(155,20,'Food Corner',1,NULL),(156,20,'Bar',1,NULL),(157,20,'Bar & Restaurant',1,NULL),(158,20,'Chicken Shop',1,NULL),(159,20,'Vegetables Shop',1,NULL),(160,21,'Tiles',1,NULL),(161,21,'Patthar Marvel',1,NULL),(162,21,'Garter Patiya ',1,NULL),(163,21,'Cement/Sariya',1,NULL),(164,22,'Teen Shade',1,NULL),(165,22,'Iron/Steel Doors Windows',1,NULL),(166,22,'Gas Welding',1,NULL),(167,22,'Electric Welding',1,NULL),(168,23,'Tiles',1,NULL),(169,23,'PVC & Bathroom Supplies',1,NULL),(170,24,'Jyotish',1,NULL),(171,24,'Vaastu',1,NULL),(172,24,'Palmistry',1,NULL),(173,24,'God Statue',1,NULL),(174,24,'Temple',1,NULL),(175,24,'Pooja Items',1,NULL),(176,25,'Mover & Packers',1,NULL),(177,26,'Screen Printers',1,NULL),(178,26,'Printing Press',1,NULL),(179,26,'Offset Printing',1,NULL),(180,26,'Flex Printing',1,NULL),(181,26,'Stationery',1,NULL),(182,26,'Marriage Card',1,NULL),(183,26,'Calendar Print',1,NULL),(184,26,'Photo Copy',1,NULL),(185,27,'Website Design',1,NULL),(186,27,'Paper Advertisement',1,NULL),(187,27,'T.V &  F.M Advertisement',1,NULL),(188,28,'Money Transfer',1,NULL),(189,28,'Printing Press',1,NULL),(190,28,'Bank Branch',1,NULL),(191,28,'Bank ATM',1,NULL),(192,28,'Finance',1,NULL),(193,29,'Packing Material',1,NULL),(194,29,'PP Box Bin',1,NULL),(195,29,'Corrugated Box',1,NULL),(196,29,'Thermocol Packing',1,NULL),(197,29,'EP Fitment',1,NULL),(198,29,'Air Bubble Pouch',1,NULL),(199,30,'Dry Fruits Gift Pack',1,NULL),(200,30,'Novelty Gift',1,NULL),(201,31,'Fire Safety Cylinder',1,NULL),(202,31,'Camera Safety',1,NULL),(203,31,'Police Station',1,NULL),(204,32,'Goggle ads Services',1,NULL),(205,32,'Software Developer',1,NULL),(206,33,'GYM',1,NULL),(207,33,'Food Supplement',1,NULL),(208,33,'Yoga Training',1,NULL);
/*!40000 ALTER TABLE `sub_category` ENABLE KEYS */;
UNLOCK TABLES;

--
-- Table structure for table `suggestions`
--

DROP TABLE IF EXISTS `suggestions`;
/*!40101 SET @saved_cs_client     = @@character_set_client */;
/*!40101 SET character_set_client = utf8 */;
CREATE TABLE `suggestions` (
  `id` int(11) NOT NULL AUTO_INCREMENT,
  `title` varchar(50) DEFAULT NULL,
  `category_id` int(11) DEFAULT NULL,
  `subcategory_id` int(11) DEFAULT NULL,
  `keywords` varchar(500) DEFAULT NULL,
  PRIMARY KEY (`id`)
) ENGINE=InnoDB AUTO_INCREMENT=7 DEFAULT CHARSET=latin1;
/*!40101 SET character_set_client = @saved_cs_client */;

--
-- Dumping data for table `suggestions`
--

LOCK TABLES `suggestions` WRITE;
/*!40000 ALTER TABLE `suggestions` DISABLE KEYS */;
INSERT INTO `suggestions` VALUES (1,'Electrical',2,4,'Elec fan tublight motor Geyser Washing machine Electrical '),(2,'Electrician',2,3,'Elec fan tublight motor Geyser Washing machine Electrician'),(3,'Furniture',2,2,'table chair sofa bed dining table Almira wooden wood furniture'),(6,'Air Conditioner',2,1,'AC repairing repair air conditioner');
/*!40000 ALTER TABLE `suggestions` ENABLE KEYS */;
UNLOCK TABLES;

--
-- Table structure for table `user`
--

DROP TABLE IF EXISTS `user`;
/*!40101 SET @saved_cs_client     = @@character_set_client */;
/*!40101 SET character_set_client = utf8 */;
CREATE TABLE `user` (
  `username` varchar(50) DEFAULT NULL,
  `password` varchar(50) DEFAULT NULL,
  `email` varchar(50) DEFAULT NULL,
  `type` enum('admin','agent','vendor') NOT NULL,
  `user_admin` varchar(20) DEFAULT NULL,
  `user_id` bigint(20) NOT NULL AUTO_INCREMENT,
  `active` tinyint(4) NOT NULL DEFAULT '0',
  `name` varchar(50) DEFAULT NULL,
  `lastname` varchar(50) DEFAULT NULL,
  `mobile` varchar(50) NOT NULL,
  `pack_id` tinyint(4) DEFAULT NULL,
  `sms` tinyint(4) NOT NULL DEFAULT '0',
  `payment_mode` varchar(10) DEFAULT NULL,
  `chequenumber` varchar(50) DEFAULT NULL,
  `banknumber` varchar(50) DEFAULT NULL,
  `bankaddress` varchar(50) DEFAULT NULL,
  `transactionnumber` varchar(50) DEFAULT NULL,
  `utrnumber` varchar(50) DEFAULT NULL,
  PRIMARY KEY (`user_id`)
) ENGINE=InnoDB AUTO_INCREMENT=18 DEFAULT CHARSET=latin1;
/*!40101 SET character_set_client = @saved_cs_client */;

--
-- Dumping data for table `user`
--

LOCK TABLES `user` WRITE;
/*!40000 ALTER TABLE `user` DISABLE KEYS */;
INSERT INTO `user` VALUES ('ritesh','demo','loveedoval@gmail.com','admin','admin',1,1,'Ritesh','Dobhal','9611209534',0,0,NULL,NULL,NULL,NULL,NULL,NULL),('sssss',NULL,'','vendor',NULL,16,1,NULL,NULL,'9611209535',NULL,0,NULL,NULL,NULL,NULL,NULL,NULL),('Ritesh',NULL,'','vendor',NULL,17,1,NULL,NULL,'8884402122',NULL,0,NULL,NULL,NULL,NULL,NULL,NULL);
/*!40000 ALTER TABLE `user` ENABLE KEYS */;
UNLOCK TABLES;
/*!40103 SET TIME_ZONE=@OLD_TIME_ZONE */;

/*!40101 SET SQL_MODE=@OLD_SQL_MODE */;
/*!40014 SET FOREIGN_KEY_CHECKS=@OLD_FOREIGN_KEY_CHECKS */;
/*!40014 SET UNIQUE_CHECKS=@OLD_UNIQUE_CHECKS */;
/*!40101 SET CHARACTER_SET_CLIENT=@OLD_CHARACTER_SET_CLIENT */;
/*!40101 SET CHARACTER_SET_RESULTS=@OLD_CHARACTER_SET_RESULTS */;
/*!40101 SET COLLATION_CONNECTION=@OLD_COLLATION_CONNECTION */;
/*!40111 SET SQL_NOTES=@OLD_SQL_NOTES */;

-- Dump completed on 2020-06-07 18:13:17
